id,detail_url,address_raw,sanitized_address,geocoding_query,province,district,granularity,provenance,latitude,longitude,geocoding_status,geocoding_provider,geocoding_result_type,geocoding_display_name,candidate_count,admin_validation,spatial_precision,diagnostic_distance_to_center_km,validation_reason
185833,https://batdongsan.vn/nha-dep-moi-xay-an-duong-vuong-p-an-lac-dt-52m2-2-lau-4pn-5wc-thang-may-gia-88-ty-r185833,"Nhà đẹp mới xây // An Dương Vương, p An Lạc dt 52m2 2 lầu 4pn 5wc , thang máy giá 8,8 tỷ",An Dương Vương p An Lạc,"An Dương Vương p An Lạc, Bình Tân, Thành phố Hồ Chí Minh, Việt Nam",Hồ Chí Minh,Bình Tân,DISTRICT_ONLY_OR_COARSE,title,10.7391062,106.6171867,STREET_MATCH,Nominatim,amenity/hospital,"Bệnh viện Triều An, 425, Đường Kinh Dương Vương, Khu phố 21, Phường An Lạc, Thành phố Hồ Chí Minh, 71959, Việt Nam",3,ADMIN_PARTIAL_MATCH,UNKNOWN,10.06,Valid coordinate within ADMIN_PARTIAL_MATCH (UNKNOWN)
184850,https://batdongsan.vn/trung-tam-cau-giay-5-tang-dan-xay-ngo-thong-tu-tung-o-to-tranh-5-tang-30m2-72-ty-r184850,NGÕ THÔNG TỨ TUNG- Ô TÔ TRÁNH _ 5 TẦNG – 30M2 – 7,7,"7, Cầu Giấy, Thành phố Hà Nội, Việt Nam",Hà Nội,Cầu Giấy,ALLEY_OR_LANE,title,21.0273542,105.7847284,STREET_MATCH,Nominatim,building/office,"Tòa nhà Hội Liên hiệp Phụ nữ thành phố Hà Nội, 7, Phố Tôn Thất Thuyết, Kẻ Vòng (Dịch Vọng), Phường Cầu Giấy, Thành phố Hà Nội, 10192, Việt Nam",3,ADMIN_MATCH,LANDMARK,7.21,Valid coordinate within ADMIN_MATCH (LANDMARK)
156775,https://batdongsan.vn/khuat-duy-tien-thang-may-kinh-doanh-oto-do-cua-dt-50m-x-8-tang-gia-259-ty-r156775,Khuât Duy Tiến Thang Máy - Kinh Doanh Oto Đỗ Cửa DT 50m x 8 tầng Giá 25.9 tỷ,Khuât Duy Tiến Oto Đỗ Cửa x,"Khuât Duy Tiến Oto Đỗ Cửa x, Thanh Xuân, Thành phố Hà Nội, Việt Nam",Hà Nội,Thanh Xuân,DISTRICT_ONLY_OR_COARSE,title,,,NO_RESULT,Nominatim,,,0,UNKNOWN,UNKNOWN,,Nominatim returned zero search candidates
150429,https://batdongsan.vn/ban-nha-nguyen-van-cong-4x11-3-tang-nhinh-4-ti-r150429,"Bán Nhà Nguyễn Văn Công (4x11), 3 Tầng Nhỉnh 4 Tỉ",Nguyễn Văn Công,"Nguyễn Văn Công, Gò Vấp, Thành phố Hồ Chí Minh, Việt Nam",Hồ Chí Minh,Gò Vấp,DISTRICT_ONLY_OR_COARSE,title,,,NO_RESULT,Nominatim,,,0,UNKNOWN,UNKNOWN,,Nominatim returned zero search candidates
151085,https://batdongsan.vn/ban-nha-109-hxh-gan-lac-long-quan-tan-binh-2-lau-nhinh-5-ty-r151085,"Bán nhà 10*9, HXH, gần Lạc Long Quân, Tân Bình, 2 lầu, nhỉnh 5 tỷ",Hẻm gần Lạc Long Quân Tân Bình,"Hẻm gần Lạc Long Quân Tân Bình, Thành phố Hồ Chí Minh, Việt Nam",Hồ Chí Minh,Tân Bình,ALLEY_OR_LANE,title,,,NO_RESULT,Nominatim,,,0,UNKNOWN,UNKNOWN,,Nominatim returned zero search candidates
134211,https://batdongsan.vn/sieu-pham-4-tang-quang-trung-p11-go-vap-79m2-tang-full-noi-that-gia-668-ty-tl-r134211,Siêu Phẩm 4 tầng Quang Trung P11 Gò Vấp 79m2 tặng full nội thất giá 6.68 tỷ TL,Quang Trung P11 Gò Vấp,"Quang Trung P11 Gò Vấp, Thành phố Hồ Chí Minh, Việt Nam",Hồ Chí Minh,Gò Vấp,DISTRICT_ONLY_OR_COARSE,title,10.8314142,106.6685215,STREET_MATCH,Nominatim,highway/primary,"Quang Trung, Khu phố 5, Phường Gò Vấp, Thành phố Hồ Chí Minh, 72100, Việt Nam",5,ADMIN_MATCH,STREET,7.02,Valid coordinate within ADMIN_MATCH (STREET)
152347,https://batdongsan.vn/c176-nha-2-tang-hxh-san-thu-nhap-13trthang-chi-hon-3-ty-r152347,C176 🔥 Nhà 2 tầng HXH  – sẵn thu nhập 13tr/tháng – Chỉ hơn 3 tỷ !!!,C176 Nhà Hẻm,"C176 Nhà Hẻm, Quận 7, Thành phố Hồ Chí Minh, Việt Nam",Hồ Chí Minh,Quận 7,ALLEY_OR_LANE,title,,,NO_RESULT,Nominatim,,,0,UNKNOWN,UNKNOWN,,Nominatim returned zero search candidates
189865,https://batdongsan.vn/ban-nha-rieng-chinh-chu-tran-dinh-xu-quan-1-gia-225-ty-r189865,"Bán Nhà Riêng Chính Chủ  TRẦN ĐÌNH XU, QUẬN 1 – GIÁ 2.25 TỶ",TRẦN ĐÌNH XU QUẬN 1,"TRẦN ĐÌNH XU QUẬN 1, Thành phố Hồ Chí Minh, Việt Nam",Hồ Chí Minh,Quận 1,STREET_LEVEL,description,,,NO_RESULT,Nominatim,,,0,UNKNOWN,UNKNOWN,,Nominatim returned zero search candidates
121320,https://batdongsan.vn/52m2-nha-mat-ngo-xuan-phuong-ngay-nga-tu-nhon-3-tang-re-nhat-nam-tu-liem-chi-nhinh-6-ty-r121320,NGÕ XUÂN PHƯƠNG – NGAY NGÃ TƯ NHỔN - 3 tầng - RẺ NHẤT NAM TỪ LIÊM,NGÕ XUÂN PHƯƠNG NGAY NGÃ TƯ NHỔN NAM TỪ LIÊM,"NGÕ XUÂN PHƯƠNG NGAY NGÃ TƯ NHỔN NAM TỪ LIÊM, Thành phố Hà Nội, Việt Nam",Hà Nội,Nam Từ Liêm,ALLEY_OR_LANE,title,,,NO_RESULT,Nominatim,,,0,UNKNOWN,UNKNOWN,,Nominatim returned zero search candidates
106604,https://batdongsan.vn/nha-moi-3-tang-hem-xe-hoi-noi-that-day-du-nhinh-5-ty-r276798,HẺM XE HƠI – NỘI THẤT ĐẦY ĐỦ - NHỈNH 5 TỶ,Hẻm,"Hẻm, Gò Vấp, Thành phố Hồ Chí Minh, Việt Nam",Hồ Chí Minh,Gò Vấp,ALLEY_OR_LANE,title,10.8354121,106.680257,STREET_MATCH,Nominatim,highway/residential,"Hẻm 145 Lê Đức Thọ, Khu phố 18, Phường Gò Vấp, Thành phố Hồ Chí Minh, 71400, Việt Nam",5,ADMIN_MATCH,STREET,6.89,Valid coordinate within ADMIN_MATCH (STREET)
192527,https://batdongsan.vn/ban-nha-trung-tam-ngoc-thuy-30m2-3-tang-full-noi-that-gia-chi-6-ty-xiu-r192527,BÁN NHÀ TRUNG TÂM NGỌC THỤY – 30M² – 3 TẦNG – FULL NỘI THẤT – GIÁ CHỈ 6 TỶ XÍU,TRUNG TÂM NGỌC THỤY 30M² XÍU,"TRUNG TÂM NGỌC THỤY 30M² XÍU, Long Biên, Thành phố Hà Nội, Việt Nam",Hà Nội,Long Biên,STREET_LEVEL,title,,,NO_RESULT,Nominatim,,,0,UNKNOWN,UNKNOWN,,Nominatim returned zero search candidates
98127,https://batdongsan.vn/huong-lo-3-binh-tan-ngay-aeon-tan-phu-ngang-5m-nhinh-4-ty-r268306,Hương Lộ 3. Bình Tân. Ngay AEON Tân Phú. Ngang 5m. Nhỉnh 4 Tỷ.,Hương Lộ 3 Bình Tân Ngay AEON Tân Phú,"Hương Lộ 3 Bình Tân Ngay AEON Tân Phú, Thành phố Hồ Chí Minh, Việt Nam",Hồ Chí Minh,Bình Tân,DISTRICT_ONLY_OR_COARSE,title,,,NO_RESULT,Nominatim,,,0,UNKNOWN,UNKNOWN,,Nominatim returned zero search candidates
137936,https://batdongsan.vn/50m-nha-pho-o-to-thang-may-mat-tien-rong-san-sang-don-tet-chi-nhinh-9-dong-r137936,PHỐ Ô TÔ THANG MÁY MẶT TIỀN RỘNG SẴN SÀNG ĐÓN TẾT CHỈ NHỈNH 9 ĐỒNG,RỘNG CHỈ,"RỘNG CHỈ, Long Biên, Thành phố Hà Nội, Việt Nam",Hà Nội,Long Biên,STREET_LEVEL,title,,,NO_RESULT,Nominatim,,,0,UNKNOWN,UNKNOWN,,Nominatim returned zero search candidates
93492,https://batdongsan.vn/0703903486-r263667,Hẻm xe hơi 8m đường Nguyễn Cửu Vân P17 quận Bình thạnh,Hẻm đường Nguyễn Cửu Vân P17 quận Bình thạnh,"Hẻm đường Nguyễn Cửu Vân P17 quận Bình thạnh, Thành phố Hồ Chí Minh, Việt Nam",Hồ Chí Minh,Bình Thạnh,HOUSE_LEVEL,dedicated_address,,,NO_RESULT,Nominatim,,,0,UNKNOWN,UNKNOWN,,Nominatim returned zero search candidates
95902,https://batdongsan.vn/go-vap-le-van-tho-cv-lang-hoa-nha-full-noi-that-kv-4x85m-chi-285-ty-r266077,"GÒ VẤP, LÊ VĂN THỌ, CV LÀNG HOA, NHÀ FULL NỘI THẤT, KV 4x8.5m, CHỈ 2.85 TỶ",GÒ VẤP LÊ VĂN THỌ CV LÀNG HOA NHÀ KV,"GÒ VẤP LÊ VĂN THỌ CV LÀNG HOA NHÀ KV, Thành phố Hồ Chí Minh, Việt Nam",Hồ Chí Minh,Gò Vấp,STREET_LEVEL,title,,,NO_RESULT,Nominatim,,,0,UNKNOWN,UNKNOWN,,Nominatim returned zero search candidates
185748,https://batdongsan.vn/ban-nha-xuan-dinh-sieu-dep-oto-kinh-doanh-o-suong-gan-cong-vien-40m2-so-dep-nhinh-9-ty-r185748,"BÁN NHÀ XUÂN ĐỈNH SIÊU ĐẸP, OTO, KINH DOANH, Ở SƯỚNG GẦN CÔNG VIÊN 40m2 Sổ đẹp nhỉnh 9 tỷ",XUÂN ĐỈNH SIÊU ĐẸP OTO GẦN CÔNG VIÊN,"XUÂN ĐỈNH SIÊU ĐẸP OTO GẦN CÔNG VIÊN, Bắc Từ Liêm, Thành phố Hà Nội, Việt Nam",Hà Nội,Bắc Từ Liêm,STREET_LEVEL,title,,,NO_RESULT,Nominatim,,,0,UNKNOWN,UNKNOWN,,Nominatim returned zero search candidates
162255,https://batdongsan.vn/ban-nha-mat-tien-nguyen-trong-tuyen-nguyen-van-troi-41x18m-2-tang-hdt-22tr-145-ty-r162255,Mặt tiền Nguyễn Trọng Tuyển - Nguyễn Văn Trỗi,Nguyễn Trọng Tuyển Nguyễn Văn Trỗi,"Nguyễn Trọng Tuyển Nguyễn Văn Trỗi, Phú Nhuận, Thành phố Hồ Chí Minh, Việt Nam",Hồ Chí Minh,Phú Nhuận,STREET_LEVEL,title,,,NO_RESULT,Nominatim,,,0,UNKNOWN,UNKNOWN,,Nominatim returned zero search candidates
124430,https://batdongsan.vn/ban-toa-van-phong-9-tang-mat-pho-ton-duc-thangvi-tri-lo-gocdt-110m2-gia-70-ty-r124430,Phố Tôn Đức Thắng.Vị Trí Lô Góc.DT 110m2. Giá 70 TỶ,Phố Tôn Đức Thắng Vị Trí Lô Góc,"Phố Tôn Đức Thắng Vị Trí Lô Góc, Đống Đa, Thành phố Hà Nội, Việt Nam",Hà Nội,Đống Đa,STREET_LEVEL,title,,,NO_RESULT,Nominatim,,,0,UNKNOWN,UNKNOWN,,Nominatim returned zero search candidates
116538,https://batdongsan.vn/duong-lang-dong-da55m2-5-tang-long-lay-o-to-tranh-kinh-doanh-dinh-cao-gia-16-ty-r116538,ĐƯỜNG LÁNG,ĐƯỜNG LÁNG,"ĐƯỜNG LÁNG, Đống Đa, Thành phố Hà Nội, Việt Nam",Hà Nội,Đống Đa,STREET_LEVEL,title,21.0064769,105.8162687,EXACT_MATCH,Nominatim,highway/primary,"Đường Láng, Thịnh Quang, Phường Đống Đa, Thành phố Hà Nội, 11527, Việt Nam",1,ADMIN_MATCH,STREET,4.64,Valid coordinate within ADMIN_MATCH (STREET)
192177,https://batdongsan.vn/mat-tien-hiem-tan-phu-4x15-60m2-3-tang-kien-co-gia-nhinh-7ty-r192177,"Nằm sát trục đường Nguyễn Sơn, Phường Phú Thạnh, Quận Tân Phú – tuyến đường kinh doanh sầm uất, khu dân cư đông đúc, phù hợp vừa ở",Nằm sát trục đường Nguyễn Sơn Phường Phú Thạnh Quận Tân Phú tuyến đường sầm uất khu dân cư đông đúc phù hợp vừa ở,"Nằm sát trục đường Nguyễn Sơn Phường Phú Thạnh Quận Tân Phú tuyến đường sầm uất khu dân cư đông đúc phù hợp vừa ở, Thành phố Hồ Chí Minh, Việt Nam",Hồ Chí Minh,Tân Phú,PROJECT_OR_RESIDENTIAL_AREA,dedicated_address,,,NO_RESULT,Nominatim,,,0,UNKNOWN,UNKNOWN,,Nominatim returned zero search candidates
156507,https://batdongsan.vn/ban-nha-dien-bien-phu-quan-3-hem-rong-4m-gia-385-ty-r156507,hẻm 4 m,hẻm 4 m,"hẻm 4 m, Quận 3, Thành phố Hồ Chí Minh, Việt Nam",Hồ Chí Minh,Quận 3,ALLEY_OR_LANE,dedicated_address,10.7525279,106.6827742,STREET_MATCH,Nominatim,highway/residential,"Hẻm 3 Nguyễn Biểu, Khu phố 3, Phường Chợ Quán, Thành phố Hồ Chí Minh, 72722, Việt Nam",5,ADMIN_MATCH,STREET,3.36,Valid coordinate within ADMIN_MATCH (STREET)
142657,https://batdongsan.vn/ban-nha-khuong-hathanh-xuantruoc-nha-25mthang-maygan-o-to43m2115-tyctl-r142657,"BÁN NHÀ KHƯƠNG HẠ,THANH XUÂN,TRƯỚC NHÀ 2,5M,THANG MÁY,GẦN Ô TÔ,43M2,11.5 TỶ(CTL)",KHƯƠNG HẠ THANH XUÂN,"KHƯƠNG HẠ THANH XUÂN, Thành phố Hà Nội, Việt Nam",Hà Nội,Thanh Xuân,STREET_LEVEL,title,20.9999984,105.8279102,STREET_MATCH,Nominatim,amenity/atm,"BIDV, 36, Phố Lê Trọng Tấn, Khương Trung, Phương Liệt, Phường Phương Liệt, Thành phố Hà Nội, 11412, Việt Nam",2,ADMIN_PARTIAL_MATCH,UNKNOWN,4.18,Valid coordinate within ADMIN_PARTIAL_MATCH (UNKNOWN)
101016,https://batdongsan.vn/ban-nha-ngo-73-hoang-ngan-phuong-nhan-chinh-tang-1-de-o-to-mat-tien-5m-gia-77-ty-r271199,"ngõ 73 Hoàng Ngân, phường Nhân Chính",ngõ 73 Hoàng Ngân phường Nhân Chính,"ngõ 73 Hoàng Ngân phường Nhân Chính, Thanh Xuân, Thành phố Hà Nội, Việt Nam",Hà Nội,Thanh Xuân,ALLEY_OR_LANE,title,,,NO_RESULT,Nominatim,,,0,UNKNOWN,UNKNOWN,,Nominatim returned zero search candidates
92765,https://batdongsan.vn/36-ty-20m-ra-pho-ho-khau-tran-quoc-vuong-cau-giay-32m2-x-5-tang-r262940,phố - Hổ khẩu Trần Quốc Vượng - Cầu Giấy - 32M2 x 5 Tầng,phố Hổ khẩu Trần Quốc Vượng Cầu Giấy x,"phố Hổ khẩu Trần Quốc Vượng Cầu Giấy x, Thành phố Hà Nội, Việt Nam",Hà Nội,Cầu Giấy,STREET_LEVEL,title,,,NO_RESULT,Nominatim,,,0,UNKNOWN,UNKNOWN,,Nominatim returned zero search candidates
109964,https://batdongsan.vn/ban-nha-dai-mo-nam-tu-liem-mat-tien-4m-duong-nhua-oto-do-cua-5-tang-full-noi-thatdien-tich-35m-chi-hon-4-ty-r280158,MẶT TIỀN 4m ĐƯỜNG NHỰA,ĐƯỜNG NHỰA,"ĐƯỜNG NHỰA, Nam Từ Liêm, Thành phố Hà Nội, Việt Nam",Hà Nội,Nam Từ Liêm,HOUSE_LEVEL,title,,,NO_RESULT,Nominatim,,,0,UNKNOWN,UNKNOWN,,Nominatim returned zero search candidates
195060,https://batdongsan.vn/ban-nha-dong-tien-yen-duyen-7-tang-thang-may-long-lanh-vf3-thong-50m-ra-pho-hoang-mai-r195060,phố hoàng mai,phố hoàng mai,"phố hoàng mai, Thành phố Hà Nội, Việt Nam",Hà Nội,Hoàng Mai,STREET_LEVEL,title,20.9939936,105.8500159,STREET_MATCH,Nominatim,office/company,"Công Ty Cổ Phần Công Nghệ Heyu Việt Nam, 67A, Đường Trương Định, Hoàng Mai, Kẻ Mơ, Phường Tương Mai, Thành phố Hà Nội, 11715, Việt Nam",5,ADMIN_MATCH,UNKNOWN,3.86,Valid coordinate within ADMIN_MATCH (UNKNOWN)
88987,https://batdongsan.vn/go-vap-quang-trung-phuong-11-84m2-ngang-hon-5m-4-tang-chi-79-ty-r259157,"đường Quang Trung, Phường 11, Gò Vấp",đường Quang Trung Phường 11 Gò Vấp,"đường Quang Trung Phường 11 Gò Vấp, Thành phố Hồ Chí Minh, Việt Nam",Hồ Chí Minh,Gò Vấp,STREET_AND_WARD,dedicated_address,10.8322134,106.6704065,STREET_MATCH,Nominatim,highway/residential,"Hẻm 312 Đường Quang Trung, Khu phố 9, Phường Gò Vấp, Thành phố Hồ Chí Minh, 72100, Việt Nam",5,ADMIN_MATCH,STREET,6.99,Valid coordinate within ADMIN_MATCH (STREET)
152802,https://batdongsan.vn/nha-dep-o-ngay-tang-noi-that-gan-otochu-nha-lam-chuyen-noi-lam-an-nen-ban-lai-r152802,NHÀ ĐẸP Ở NGAY - TẶNG NỘI THẤT - GẦN OTO.Chủ nhà làm chuyển nơi làm ăn nên bán lại.,TẶNG NỘI THẤT GẦN OTO Chủ nhà làm chuyển nơi làm ăn nên bán lại,"TẶNG NỘI THẤT GẦN OTO Chủ nhà làm chuyển nơi làm ăn nên bán lại, Bắc Từ Liêm, Thành phố Hà Nội, Việt Nam",Hà Nội,Bắc Từ Liêm,STREET_LEVEL,title,,,NO_RESULT,Nominatim,,,0,UNKNOWN,UNKNOWN,,Nominatim returned zero search candidates
117956,https://batdongsan.vn/binh-thanh-nguyen-van-dau-hem-xe-hoi-thong-tu-tung-qua-cho-hoang-hoa-tham-ngang-4m-khu-dan-cu-r117956,HẺM XE HƠI THÔNG TỨ TUNG QUA CHỢ HOÀNG HOA THÁM,Hẻm THÔNG TỨ TUNG QUA CHỢ HOÀNG HOA THÁM,"Hẻm THÔNG TỨ TUNG QUA CHỢ HOÀNG HOA THÁM, Bình Thạnh, Thành phố Hồ Chí Minh, Việt Nam",Hồ Chí Minh,Bình Thạnh,ALLEY_OR_LANE,title,,,NO_RESULT,Nominatim,,,0,UNKNOWN,UNKNOWN,,Nominatim returned zero search candidates
85293,https://batdongsan.vn/ban-nha-dat-dich-vu-kdt-van-khe-o-to-vao-nha-50m2-5-tang-thiet-ke-hop-ly-nhinh-8-ty-r255458,"Bán nhà đất dịch vụ KĐT Văn Khê, ô tô vào nhà, 50m2, 5 tầng, thiết kế hợp lý, nhỉnh 8 tỷ",dịch vụ KĐT Văn Khê thiết kế hợp lý,"dịch vụ KĐT Văn Khê thiết kế hợp lý, Hà Đông, Thành phố Hà Nội, Việt Nam",Hà Nội,Hà Đông,PROJECT_OR_RESIDENTIAL_AREA,title,,,NO_RESULT,Nominatim,,,0,UNKNOWN,UNKNOWN,,Nominatim returned zero search candidates
176471,https://batdongsan.vn/ban-nha-mat-pho-kim-dong-50m2-6-tang-thang-may-o-to-do-trong-nha-21-ty-r176471,"Mặt phố Kim Đồng, quận Hoàng Mai, Hà Nội✨ Tuyến phố kinh doanh sầm uất, giao thông thuận lợi, thông Giải Phóng – Trương Định – Giáp",Mặt phố Kim Đồng quận Hoàng Mai Hà Nội Tuyến phố sầm uất giao thông thuận lợi thông Giải Phóng Trương Định Giáp,"Mặt phố Kim Đồng quận Hoàng Mai Hà Nội Tuyến phố sầm uất giao thông thuận lợi thông Giải Phóng Trương Định Giáp, Việt Nam",Hà Nội,Quận Hoàng Mai,STREET_LEVEL,dedicated_address,,,NO_RESULT,Nominatim,,,0,UNKNOWN,UNKNOWN,,Nominatim returned zero search candidates
185511,https://batdongsan.vn/gan-nha-ga-t3-nha-dep-72m2-4-tang-o-to-ngu-trong-nha-6x-ty-tl-r185511,Gần nhà ga T3! Nhà Đẹp 72M² 4 Tầng Ô TÔ NGỦ TRONG NHÀ – 6.x Tỷ TL!,Gần nhà ga T3 72M²,"Gần nhà ga T3 72M², Gò Vấp, Thành phố Hồ Chí Minh, Việt Nam",Hồ Chí Minh,Gò Vấp,STREET_LEVEL,title,,,NO_RESULT,Nominatim,,,0,UNKNOWN,UNKNOWN,,Nominatim returned zero search candidates
138008,https://batdongsan.vn/thuy-khue-tay-ho-41m2-7-tang-mt-41m-gia-148-ty-nha-moi-thang-may-phan-lo-o-to-7c-ngo-r138008,"THỤY KHUÊ, TÂY HỒ. 41M2 7 TẦNG MT 4.1M GIÁ 14,8 TỶ-NHÀ MỚI - THANG MÁY - PHÂN LÔ - Ô TÔ 7C - NGÕ",THỤY KHUÊ TÂY HỒ MT 4,"THỤY KHUÊ TÂY HỒ MT 4, Thành phố Hà Nội, Việt Nam",Hà Nội,Tây Hồ,ALLEY_OR_LANE,description,,,NO_RESULT,Nominatim,,,0,UNKNOWN,UNKNOWN,,Nominatim returned zero search candidates
192031,https://batdongsan.vn/toa-nha-9-tang-2-mat-tien-dang-cap-sieu-pham-10m-ra-mat-pho-truong-chinh-gara-4-o-to-r192031,MẶT TIỀN  ĐẲNG CẤP- SIÊU PHẨM 10M RA MẶT PHỐ TRƯỜNG CHINH – GARA 4 Ô TÔ,ĐẲNG CẤP RA MẶT PHỐ TRƯỜNG CHINH,"ĐẲNG CẤP RA MẶT PHỐ TRƯỜNG CHINH, Đống Đa, Thành phố Hà Nội, Việt Nam",Hà Nội,Đống Đa,STREET_LEVEL,title,,,NO_RESULT,Nominatim,,,0,UNKNOWN,UNKNOWN,,Nominatim returned zero search candidates
113321,https://batdongsan.vn/ban-nha-lien-ke-pho-khuat-duy-tien-thong-sang-duong-nguyen-trai-o-to-do-cua-73m2-nha-dep-5-tang-gia-92-ty-r283515,phố Khuất Duy Tiến thông sang đường Nguyễn Trãi,phố Khuất Duy Tiến thông sang đường Nguyễn Trãi,"phố Khuất Duy Tiến thông sang đường Nguyễn Trãi, Thanh Xuân, Thành phố Hà Nội, Việt Nam",Hà Nội,Thanh Xuân,STREET_LEVEL,title,,,NO_RESULT,Nominatim,,,0,UNKNOWN,UNKNOWN,,Nominatim returned zero search candidates
110807,https://batdongsan.vn/nha-hxh-xvnt-phuong-21-quan-binh-thanh-19m2x25t-sat-quan-1-2ty-hon-r281001,"✨Nhà HXH X.V.N.T, phường 21, quận Bình Thạnh-19m2x2,5T-Sát Quận 1- 2tỷ hơn✨",Nhà Hẻm X V N T phường 21 quận Bình Thạnh 19m2x2 5T,"Nhà Hẻm X V N T phường 21 quận Bình Thạnh 19m2x2 5T, Thành phố Hồ Chí Minh, Việt Nam",Hồ Chí Minh,Quận Bình Thạnh,ALLEY_OR_LANE,description,,,NO_RESULT,Nominatim,,,0,UNKNOWN,UNKNOWN,,Nominatim returned zero search candidates
161276,https://batdongsan.vn/hoa-haube-van-danquang-trungha-dong40m-5-tang-gia-hon-8-ty-r161276,"Ngay gần Ga Cát Linh Hà Đông, Bệnh viện,siêu thị ,trường",Ngay gần Ga Cát Linh Hà Đông Bệnh viện siêu thị trường,"Ngay gần Ga Cát Linh Hà Đông Bệnh viện siêu thị trường, Thành phố Hà Nội, Việt Nam",Hà Nội,Hà Đông,STREET_LEVEL,dedicated_address,,,NO_RESULT,Nominatim,,,0,UNKNOWN,UNKNOWN,,Nominatim returned zero search candidates
135308,https://batdongsan.vn/ban-can-ho-tap-the-tang-1-nhan-hoa-vu-trong-phung-o-to-kd-72m-3pn-4-ty-hon-r135308,"Bán Căn Hộ Tập Thể Tầng 1 Nhân Hoà, Vũ Trọng Phụng, Ô Tô, KD 72m 3PN 4 Tỷ Hơn.",Tập Thể Tầng 1 Nhân Hoà Vũ Trọng Phụng Ô Tô KD,"Tập Thể Tầng 1 Nhân Hoà Vũ Trọng Phụng Ô Tô KD, Thanh Xuân, Thành phố Hà Nội, Việt Nam",Hà Nội,Thanh Xuân,DISTRICT_ONLY_OR_COARSE,title,,,NO_RESULT,Nominatim,,,0,UNKNOWN,UNKNOWN,,Nominatim returned zero search candidates
144485,https://batdongsan.vn/san-pham-gia-re-nhat-khu-vuc-hbc-sau-gigamall-chi-50trm2-ful-tho-r144485,"Đường số 22, Phường Hiệp Bình Chánh, TP Thủ Đức",Đường số 22 Phường Hiệp Bình Chánh TP Thủ Đức,"Đường số 22 Phường Hiệp Bình Chánh TP Thủ Đức, Thành phố Hồ Chí Minh, Việt Nam",Hồ Chí Minh,Thủ Đức,STREET_AND_WARD,dedicated_address,10.8310876,106.7291249,EXACT_MATCH,Nominatim,building/yes,"Trụ sở Khu phố 5, 22, Đường số 8, Khu phố 37, Phường Hiệp Bình, Thành phố Hồ Chí Minh, 72309, Việt Nam",1,ADMIN_PARTIAL_MATCH,UNKNOWN,6.77,Valid coordinate within ADMIN_PARTIAL_MATCH (UNKNOWN)
103882,https://batdongsan.vn/p15-tan-binh-hxh-7-cho-1-can-ra-mat-tien-45m2-gia-hon-3-ty-r274076,"Cách Mặt tiền Cống Lở 1 căn, oto vô tận cửa",Cách Cống Lở 1 căn oto vô tận cửa,"Cách Cống Lở 1 căn oto vô tận cửa, Tân Bình, Thành phố Hồ Chí Minh, Việt Nam",Hồ Chí Minh,Tân Bình,ALLEY_OR_LANE,dedicated_address,,,NO_RESULT,Nominatim,,,0,UNKNOWN,UNKNOWN,,Nominatim returned zero search candidates
111112,https://batdongsan.vn/nha-dep-duong-so-thong-le-van-viet-55m2-2-tang-khu-phan-lo-dep-cho-thue-o-to-dau-r281306,đường số thông Lê Văn Việt,đường số thông Lê Văn Việt,"đường số thông Lê Văn Việt, Quận 9, Thành phố Hồ Chí Minh, Việt Nam",Hồ Chí Minh,Quận 9,STREET_LEVEL,title,,,NO_RESULT,Nominatim,,,0,UNKNOWN,UNKNOWN,,Nominatim returned zero search candidates
182575,https://batdongsan.vn/nguyen-khang-51m-chi-79-ty-nha-depfull-noi-thatgan-bai-gui-xengo-thong-r182575,"Nguyễn Khang, Yên Hòa, Cầu Giấy, Hà Nội (ngõ thông các hướng nha, đi lại tiện lợi lắm ạ!)",Nguyễn Khang Yên Hòa Cầu Giấy Hà Nội ngõ thông các hướng nha đi lại tiện lợi lắm ạ,"Nguyễn Khang Yên Hòa Cầu Giấy Hà Nội ngõ thông các hướng nha đi lại tiện lợi lắm ạ, Việt Nam",Hà Nội,Cầu Giấy,ALLEY_OR_LANE,dedicated_address,,,NO_RESULT,Nominatim,,,0,UNKNOWN,UNKNOWN,,Nominatim returned zero search candidates
146576,https://batdongsan.vn/sieu-pham-bau-cat-hem-xe-hoi-50m-ra-mat-tien-47m2-4-tang-full-noi-that-gia-chi-58-ty-r146576,HẺM XE HƠI 50M RA MẶT TIỀN,Hẻm RA,"Hẻm RA, Tân Bình, Thành phố Hồ Chí Minh, Việt Nam",Hồ Chí Minh,Tân Bình,ALLEY_OR_LANE,title,,,NO_RESULT,Nominatim,,,0,UNKNOWN,UNKNOWN,,Nominatim returned zero search candidates
166949,https://batdongsan.vn/duoi-3-ty-shr-gan-song-sai-gon-ban-nha-thanh-loc-ho-tro-vay-bank-toi-da-r166949,"Dưới 3 tỷ SHR gần sông Sài Gòn, bán nhà Thạnh Lộc hỗ trợ vay Bank tối đa",Dưới Thạnh Lộc hỗ trợ vay Bank tối đa,"Dưới Thạnh Lộc hỗ trợ vay Bank tối đa, Quận 12, Thành phố Hồ Chí Minh, Việt Nam",Hồ Chí Minh,Quận 12,LANDMARK_OR_NEIGHBORHOOD,title,,,NO_RESULT,Nominatim,,,0,UNKNOWN,UNKNOWN,,Nominatim returned zero search candidates
95330,https://batdongsan.vn/ban-nha-mat-ngo-91-nguyen-chi-thanh-dong-da-40m-4-tang-gia-12-ty-r265505,ngõ 91 Nguyễn Chi Thanh,ngõ 91 Nguyễn Chi Thanh,"ngõ 91 Nguyễn Chi Thanh, Đống Đa, Thành phố Hà Nội, Việt Nam",Hà Nội,Đống Đa,ALLEY_OR_LANE,title,,,NO_RESULT,Nominatim,,,0,UNKNOWN,UNKNOWN,,Nominatim returned zero search candidates
110452,https://batdongsan.vn/nha-pho-nguyen-chi-thanh50mngay-bai-gui-o-togan-chodan-tri-cao74-ty0348051001-r280646,phố Nguyễn Chí Thanh,phố Nguyễn Chí Thanh,"phố Nguyễn Chí Thanh, Đống Đa, Thành phố Hà Nội, Việt Nam",Hà Nội,Đống Đa,STREET_LEVEL,title,21.0195344,105.8074078,STREET_MATCH,Nominatim,amenity/university,"Học viện Phụ nữ Việt Nam, 68, Đường Nguyễn Chí Thanh, Láng Hạ, Kẻ Láng, Phường Láng, Thành phố Hà Nội, 11528, Việt Nam",5,ADMIN_PARTIAL_MATCH,UNKNOWN,4.96,Valid coordinate within ADMIN_PARTIAL_MATCH (UNKNOWN)
88597,https://batdongsan.vn/ban-nha-nguyen-van-tuyeto-to-kinh-doanh-ngo-thong-ra-pho-10m-mat-tien-cuc-rong-17ty130m2-r258767,NGÕ THÔNG-RA PHỐ 10M-MẶT TIỀN CỰC RỘNG-17TỶ/130M2,NGÕ THÔNG RA PHỐ CỰC RỘNG,"NGÕ THÔNG RA PHỐ CỰC RỘNG, Đống Đa, Thành phố Hà Nội, Việt Nam",Hà Nội,Đống Đa,ALLEY_OR_LANE,title,,,NO_RESULT,Nominatim,,,0,UNKNOWN,UNKNOWN,,Nominatim returned zero search candidates
85484,https://batdongsan.vn/hem-7m-xe-hoi-ngu-trong-nha-4-tang-btct-5pn-so-vuong-a4-75m2-chi-67-ty-r255649,HẺM 7M - XE HƠI NGỦ TRONG NHÀ - 4 TẦNG BTCT - 5PN - SỔ VUÔNG A4 - 75M2 - CHỈ 6,HẺM XE HƠI NGỦ TRONG NHÀ BTCT SỔ VUÔNG A4 CHỈ 6,"HẺM XE HƠI NGỦ TRONG NHÀ BTCT SỔ VUÔNG A4 CHỈ 6, Bình Tân, Thành phố Hồ Chí Minh, Việt Nam",Hồ Chí Minh,Bình Tân,HOUSE_LEVEL,title,,,NO_RESULT,Nominatim,,,0,UNKNOWN,UNKNOWN,,Nominatim returned zero search candidates
147191,https://batdongsan.vn/nha-dang-cap-xe-hoi-ngu-nha-50m2-luen-ke-phu-my-hung-r147191,"Nhà đẳng cấp - XE HƠI NGỦ NHÀ 50m2, luền kề Phú Mỹ Hưng",Nhà đẳng cấp XE HƠI NGỦ NHÀ luền kề Phú Mỹ Hưng,"Nhà đẳng cấp XE HƠI NGỦ NHÀ luền kề Phú Mỹ Hưng, Nhà Bè, Thành phố Hồ Chí Minh, Việt Nam",Hồ Chí Minh,Nhà Bè,STREET_LEVEL,title,,,NO_RESULT,Nominatim,,,0,UNKNOWN,UNKNOWN,,Nominatim returned zero search candidates
189981,https://batdongsan.vn/mat-pho-co-long-duong-o-to-tranh-via-he-menh-mong-kinh-doanh-vo-doi-5-tang-dep-nhinh-25-ty-r189981,PHỐ CỔ LÒNG ĐƯỜNG Ô TÔ TRÁNH,PHỐ CỔ LÒNG ĐƯỜNG,"PHỐ CỔ LÒNG ĐƯỜNG, Hoàn Kiếm, Thành phố Hà Nội, Việt Nam",Hà Nội,Hoàn Kiếm,STREET_LEVEL,title,21.0328101,105.8463895,STREET_MATCH,Nominatim,amenity/atm,"BIDV, 37B, Phố Đường Thành, Khu phố cổ, Phường Hoàn Kiếm, Thành phố Hà Nội, 11024, Việt Nam",4,ADMIN_MATCH,UNKNOWN,0.94,Valid coordinate within ADMIN_MATCH (UNKNOWN)
129372,https://batdongsan.vn/ban-nha-mat-pho-an-duong-vuong-110m2-x-3-tang-mat-tien-55m-o-to-tranh-r129372,phố An Dương Vương 110m2 x 3 tầng mặt tiền 5.5m ô tô tránh,phố An Dương Vương x 5,"phố An Dương Vương x 5, Tây Hồ, Thành phố Hà Nội, Việt Nam",Hà Nội,Tây Hồ,STREET_LEVEL,title,,,NO_RESULT,Nominatim,,,0,UNKNOWN,UNKNOWN,,Nominatim returned zero search candidates
181425,https://batdongsan.vn/nha-pho-thang-may-dang-cap-4-tang-full-noi-that-ngay-nga-tu-ga-quan-12-r181425,PHỐ THANG MÁY - ĐẲNG CẤP - 4 TẦNG - FULL NỘI THẤT NGAY NGÃ TƯ GA - QUẬN 12,PHỐ ĐẲNG CẤP NGAY NGÃ TƯ GA QUẬN 12,"PHỐ ĐẲNG CẤP NGAY NGÃ TƯ GA QUẬN 12, Thành phố Hồ Chí Minh, Việt Nam",Hồ Chí Minh,Quận 12,STREET_LEVEL,title,,,NO_RESULT,Nominatim,,,0,UNKNOWN,UNKNOWN,,Nominatim returned zero search candidates
95623,https://batdongsan.vn/ban-nha-1tret-2lau-hem-xe-hoi-p-linh-tay-thu-duc-dt-131-m2-gia-12-ty-r265798,"Cách đường chính số 9 100m, khoảng 700m là ra Phạm Văn Đồng, Kha Vạn Cân",Cách đường chính số 9 khoảng là ra Phạm Văn Đồng Kha Vạn Cân,"Cách đường chính số 9 khoảng là ra Phạm Văn Đồng Kha Vạn Cân, Thủ Đức, Thành phố Hồ Chí Minh, Việt Nam",Hồ Chí Minh,Thủ Đức,ALLEY_OR_LANE,dedicated_address,,,NO_RESULT,Nominatim,,,0,UNKNOWN,UNKNOWN,,Nominatim returned zero search candidates
186127,https://batdongsan.vn/mat-tien-kinh-doanh-khu-tan-thanh-tan-phu-dt-80m2-a4-5-tang-r186127,Mặt Tiền Kinh Doanh Khu Tân Thành,Khu Tân Thành,"Khu Tân Thành, Tân Phú, Thành phố Hồ Chí Minh, Việt Nam",Hồ Chí Minh,Tân Phú,DISTRICT_ONLY_OR_COARSE,title,10.7774856,106.6344474,STREET_MATCH,Nominatim,amenity/bank,"Agribank, Lũy Bán Bích, Khu phố 26, Phường Tân Phú, Thành phố Hồ Chí Minh, 72031, Việt Nam",4,ADMIN_MATCH,UNKNOWN,7.26,Valid coordinate within ADMIN_MATCH (UNKNOWN)
119436,https://batdongsan.vn/ban-gap-nha-nguyen-khanh-toan-phuong-quan-hoa-cau-giay-55m2-53-ty-gan-pho-r119436,BÁN GẤP NHÀ NGUYỄN KHÁNH TOÀN PHƯỜNG QUAN HOA CẦU GIẤY 55M2 5.3 TỶ GẦN PHỐ,BÁN GẤP NHÀ NGUYỄN KHÁNH TOÀN PHƯỜNG QUAN HOA CẦU GIẤY,"BÁN GẤP NHÀ NGUYỄN KHÁNH TOÀN PHƯỜNG QUAN HOA CẦU GIẤY, Thành phố Hà Nội, Việt Nam",Hà Nội,Cầu Giấy,STREET_AND_WARD,description,,,NO_RESULT,Nominatim,,,0,UNKNOWN,UNKNOWN,,Nominatim returned zero search candidates
184582,https://batdongsan.vn/ban-nha-can-goc-dt-dat-1231m2-5x25m-4-tang-nguyen-thi-tan-quan-8-gia-chi-12-ty-r184582,"Bán nhà căn góc - DT đất 123,1m2 (5x25m) - 4 tầng - Nguyễn Thị Tần, quận 8 giá chỉ 12 tỷ",căn góc DT đất 123 Nguyễn Thị Tần quận 8,"căn góc DT đất 123 Nguyễn Thị Tần quận 8, Thành phố Hồ Chí Minh, Việt Nam",Hồ Chí Minh,Quận 8,DISTRICT_ONLY_OR_COARSE,description,,,NO_RESULT,Nominatim,,,0,UNKNOWN,UNKNOWN,,Nominatim returned zero search candidates
175098,https://batdongsan.vn/ban-nha-tai-dong-mai-ha-dong-dt-35m2-thiet-ke-4-tang-nhinh-3-ty-r175098,"BÁN NHÀ TẠI ĐỒNG MAI - HÀ ĐÔNG DT 35M2 THIẾT KẾ 4 TẦNG, NHỈNH 3 TỶ",TẠI ĐỒNG MAI HÀ ĐÔNG THIẾT KẾ,"TẠI ĐỒNG MAI HÀ ĐÔNG THIẾT KẾ, Thành phố Hà Nội, Việt Nam",Hà Nội,Hà Đông,STREET_LEVEL,title,,,NO_RESULT,Nominatim,,,0,UNKNOWN,UNKNOWN,,Nominatim returned zero search candidates
163354,https://batdongsan.vn/so-phan-lo-via-he-menh-mong-tai-kham-thienkinh-doanh-sam-uat-52-m216-ty-2dong-tien-23trthang-r163354,"Sổ phân lô vỉa hè mênh mông tại Khâm Thiên,kinh doanh sầm uất 52 m2,16  tỷ 2,dòng tiên 23tr/tháng",Sổ vỉa hè mênh mông tại Khâm Thiên sầm uất 52 m2 dòng tiên,"Sổ vỉa hè mênh mông tại Khâm Thiên sầm uất 52 m2 dòng tiên, Đống Đa, Thành phố Hà Nội, Việt Nam",Hà Nội,Đống Đa,DISTRICT_ONLY_OR_COARSE,title,,,NO_RESULT,Nominatim,,,0,UNKNOWN,UNKNOWN,,Nominatim returned zero search candidates
125603,https://batdongsan.vn/ban-nha-mat-tien-5-tang-5x12m-gia-125-ty-duong-hiep-thanh-43-r125603,"Mặt tiền đường 40m thuật tiện di chuyển kết nối Nguyễn ảnh Thủ  , Nguyễn Thị Búp Phường Vip Hiệp Thành",đường thuật tiện di chuyển kết nối Nguyễn ảnh Thủ Nguyễn Thị Búp Phường Vip Hiệp Thành,"đường thuật tiện di chuyển kết nối Nguyễn ảnh Thủ Nguyễn Thị Búp Phường Vip Hiệp Thành, Quận 12, Thành phố Hồ Chí Minh, Việt Nam",Hồ Chí Minh,Quận 12,STREET_AND_WARD,dedicated_address,,,NO_RESULT,Nominatim,,,0,UNKNOWN,UNKNOWN,,Nominatim returned zero search candidates
122277,https://batdongsan.vn/can-ban-gap-nha-quan-go-vap-xe-hoi-dau-cua-so-vuong-a4-nho-xinh-lung-linh-nhinh-4-ty-r122277,"CẦN BÁN GẤP NHÀ QUẬN GÒ VẤP XE HƠI ĐẬU CỬA - SỔ VUÔNG A4, NHỎ XINH LUNG LINH. NHỈNH 4 TỶ",CẦN BÁN GẤP NHÀ QUẬN GÒ VẤP XE HƠI ĐẬU CỬA SỔ VUÔNG A4 NHỎ XINH LUNG LINH,"CẦN BÁN GẤP NHÀ QUẬN GÒ VẤP XE HƠI ĐẬU CỬA SỔ VUÔNG A4 NHỎ XINH LUNG LINH, Thành phố Hồ Chí Minh, Việt Nam",Hồ Chí Minh,Gò Vấp,STREET_LEVEL,description,,,NO_RESULT,Nominatim,,,0,UNKNOWN,UNKNOWN,,Nominatim returned zero search candidates
165647,https://batdongsan.vn/nha-gan-aeon-colinh-long-bien-chao-6x-ty-dien-tich-37-m2-4-tang-mat-r165647,"💥💥💥 NHÀ GẦN #AEON, #CỔLINH- LONG BIÊN - CHÀO 6,x TỶ 🔥🔥 
🏘️ Diện tích: 37 m2,  4 tầng, Mặt",💥💥💥 NHÀ GẦN #AEON #CỔLINH LONG BIÊN CHÀO 6 x TỶ 🏘️ Diện tích 37 m2 Mặt,"💥💥💥 NHÀ GẦN #AEON #CỔLINH LONG BIÊN CHÀO 6 x TỶ 🏘️ Diện tích 37 m2 Mặt, Thành phố Hà Nội, Việt Nam",Hà Nội,Long Biên,STREET_LEVEL,title,,,NO_RESULT,Nominatim,,,0,UNKNOWN,UNKNOWN,,Nominatim returned zero search candidates
175434,https://batdongsan.vn/ban-nha-hxh-quay-dau-cach-mang-thang-8-p15-q10-103m2-5-tang-ngang-61m-r175434,"Bán nhà HXH quay đầu Cách Mạng Tháng 8, P15. Q10, 103m2, 5 tầng, ngang 6,1m",Hẻm quay đầu Cách Mạng Tháng 8 P15 Q10 ngang 6,"Hẻm quay đầu Cách Mạng Tháng 8 P15 Q10 ngang 6, Quận 10, Thành phố Hồ Chí Minh, Việt Nam",Hồ Chí Minh,Quận 10,ALLEY_OR_LANE,title,,,NO_RESULT,Nominatim,,,0,UNKNOWN,UNKNOWN,,Nominatim returned zero search candidates
121503,https://batdongsan.vn/ban-nha-hoang-bat-dat-phuong-15-tan-binh-dt-51m2-5-x-103-x-2-tang-chi-403-ty-tl-r121503,"Bán nhà Hoàng Bật Đạt, phường 15, Tân Bình, DT 51m2 (5 x 10.3) x 2 tầng, Chỉ 4.03 tỷ TL",Hoàng Bật Đạt phường 15 Tân Bình 5 x 10 3 x,"Hoàng Bật Đạt phường 15 Tân Bình 5 x 10 3 x, Thành phố Hồ Chí Minh, Việt Nam",Hồ Chí Minh,Tân Bình,DISTRICT_ONLY_OR_COARSE,description,,,NO_RESULT,Nominatim,,,0,UNKNOWN,UNKNOWN,,Nominatim returned zero search candidates
182548,https://batdongsan.vn/xuat-canh-can-ban-gap-nha-mt-duong-truong-sa-q3-dt-34m-x-116m-r182548,Đường Trường Sa - Q3 (DT 3,Đường Trường Sa Q3 DT 3,"Đường Trường Sa Q3 DT 3, Quận 3, Thành phố Hồ Chí Minh, Việt Nam",Hồ Chí Minh,Quận 3,STREET_LEVEL,title,,,NO_RESULT,Nominatim,,,0,UNKNOWN,UNKNOWN,,Nominatim returned zero search candidates
133821,https://batdongsan.vn/thuy-khue-tay-ho-dt55m2-x4t-mt3m-105-ty-full-noi-that-gan-pho-r133821,THỤY KHUÊ - TÂY HỒ - DT55M2 X4T - MT3M - 10.5 TỶ - FULL NỘI THẤT  - GẦN PHỐ,THỤY KHUÊ TÂY HỒ X4T MT3M,"THỤY KHUÊ TÂY HỒ X4T MT3M, Thành phố Hà Nội, Việt Nam",Hà Nội,Tây Hồ,STREET_LEVEL,description,,,NO_RESULT,Nominatim,,,0,UNKNOWN,UNKNOWN,,Nominatim returned zero search candidates
182297,https://batdongsan.vn/mat-pho-nguyen-khang-toa-vp-8-tang-80m2-via-he-view-song-so-vuong-det-r182297,PHỐ NGUYỄN KHANG - TÒA VP 8 TẦNG - 80M² - VỈA HÈ - VIEW SÔNG - SỔ VUÔNG ĐÉT,PHỐ NGUYỄN KHANG TÒA VP 80M² VỈA HÈ VIEW SÔNG SỔ VUÔNG ĐÉT,"PHỐ NGUYỄN KHANG TÒA VP 80M² VỈA HÈ VIEW SÔNG SỔ VUÔNG ĐÉT, Cầu Giấy, Thành phố Hà Nội, Việt Nam",Hà Nội,Cầu Giấy,STREET_LEVEL,title,,,NO_RESULT,Nominatim,,,0,UNKNOWN,UNKNOWN,,Nominatim returned zero search candidates
129129,https://batdongsan.vn/ban-nha-mat-tien-6-tang-72x25m-gia-1699-ty-duong-tan-thoi-hiep-14-r129129,mặt tiền 6 tầng 7,7,"7, Quận 12, Thành phố Hồ Chí Minh, Việt Nam",Hồ Chí Minh,Quận 12,STREET_LEVEL,title,10.8611305,106.6541962,STREET_MATCH,Nominatim,landuse/residential,"CĂN HỘ ZEN TOWER QUẬN 12, 34/1A, Phường Thới An, Thành phố Hồ Chí Minh, 71513, Việt Nam",5,ADMIN_MATCH,STREET,10.66,Valid coordinate within ADMIN_MATCH (STREET)
164265,https://batdongsan.vn/ban-nha-hoang-liet-hoang-mai-gan-o-to-vai-buoc-ra-vanh-dai-3-36m2-62-ty-r164265,"Bán nhà Hoàng Liệt, Hoàng Mai, gần ô tô, vài bước ra Vành Đai 3, 36m2, 6.2 tỷ",Hoàng Liệt Hoàng Mai vài bước ra Vành Đai 3,"Hoàng Liệt Hoàng Mai vài bước ra Vành Đai 3, Thành phố Hà Nội, Việt Nam",Hà Nội,Hoàng Mai,LANDMARK_OR_NEIGHBORHOOD,title,,,NO_RESULT,Nominatim,,,0,UNKNOWN,UNKNOWN,,Nominatim returned zero search candidates
147721,https://batdongsan.vn/quan-5-khu-kinh-doanh-mua-ban-dong-duc-phu-tung-xe41x18-pham-huu-chi-xiu-19ty-r147721,"Nằm đoạn giữa Dương Tử Giang và Đỗ Ngọc Thạnh kinh doanh sầm uất,",Nằm đoạn giữa Dương Tử Giang và Đỗ Ngọc Thạnh sầm uất,"Nằm đoạn giữa Dương Tử Giang và Đỗ Ngọc Thạnh sầm uất, Quận 5, Thành phố Hồ Chí Minh, Việt Nam",Hồ Chí Minh,Quận 5,DISTRICT_ONLY_OR_COARSE,dedicated_address,,,NO_RESULT,Nominatim,,,0,UNKNOWN,UNKNOWN,,Nominatim returned zero search candidates
156771,https://batdongsan.vn/sieu-pham-nha-phan-lo-2-mat-ngo-full-noi-that-mt-to-42-m-gia-chi-76-ty-r156771,"SIÊU PHẨM NHÀ PHÂN LÔ 2 MẶT NGÕ-FULL NỘI THẤT-MT TO 4,2 M-GIÁ CHỈ 7.6 TỶ",NHÀ 2 MẶT NGÕ MT TO 4 2 M,"NHÀ 2 MẶT NGÕ MT TO 4 2 M, Đống Đa, Thành phố Hà Nội, Việt Nam",Hà Nội,Đống Đa,ALLEY_OR_LANE,description,21.0107304,105.8182024,EXACT_MATCH,Nominatim,boundary/administrative,"Phường Đống Đa, Thành phố Hà Nội, 11527, Việt Nam",1,ADMIN_MATCH,WARD,4.23,Valid coordinate within ADMIN_MATCH (WARD)
142882,https://batdongsan.vn/ban-nha-pho-phuong-mai-vi-tri-trung-tam-lo-goc-thoang-sang-31mx6t-gia-68-ty-lh-0396935190-r142882,Phố Phương Mai_Vị Trí Trung Tâm_Lô Góc Thoáng Sáng_31mx6T_Giá,Phố Phương Mai Vị Trí Trung Tâm Lô Góc Thoáng Sáng 31mx6T Giá,"Phố Phương Mai Vị Trí Trung Tâm Lô Góc Thoáng Sáng 31mx6T Giá, Đống Đa, Thành phố Hà Nội, Việt Nam",Hà Nội,Đống Đa,STREET_LEVEL,title,,,NO_RESULT,Nominatim,,,0,UNKNOWN,UNKNOWN,,Nominatim returned zero search candidates
195288,https://batdongsan.vn/ban-nha-dong-tien-luong-khanh-thien-7-tang-thang-may-long-lanh-lo-goc-hoang-mai-r195288,Bán nhà dòng tiền lương khánh thiện 7 tầng thang máy long lanh lô góc hoàng mai,dòng tiền lương khánh thiện long lanh lô góc hoàng mai,"dòng tiền lương khánh thiện long lanh lô góc hoàng mai, Thành phố Hà Nội, Việt Nam",Hà Nội,Hoàng Mai,DISTRICT_ONLY_OR_COARSE,title,,,NO_RESULT,Nominatim,,,0,UNKNOWN,UNKNOWN,,Nominatim returned zero search candidates
108123,https://batdongsan.vn/gia-dinh-can-ban-nha-mat-ngo-doi-can-gia-108-ty-367mx6-tang-oto-vao-full-noi-that-r278317,ngõ Đội Cấn giá 10,ngõ Đội Cấn giá 10,"ngõ Đội Cấn giá 10, Ba Đình, Thành phố Hà Nội, Việt Nam",Hà Nội,Ba Đình,ALLEY_OR_LANE,title,21.0395325,105.836423,EXACT_MATCH,Nominatim,boundary/administrative,"Phường Ba Đình, Thành phố Hà Nội, 11120, Việt Nam",1,ADMIN_MATCH,WARD,2.22,Valid coordinate within ADMIN_MATCH (WARD)
81796,https://batdongsan.vn/ban-nha-lang-trung-lo-goc-vua-o-vua-cho-thue-o-to-chi-6-ty-lh-trang-0968588737-r251948,"Bán nhà Láng Trung lô góc, vừa ở vừa cho thuê, ô tô, chỉ 6 tỷ. LH Trang 0968588737.",Láng Trung lô góc vừa ở vừa cho thuê ô tô LH Trang 0968588737,"Láng Trung lô góc vừa ở vừa cho thuê ô tô LH Trang 0968588737, Đống Đa, Thành phố Hà Nội, Việt Nam",Hà Nội,Đống Đa,DISTRICT_ONLY_OR_COARSE,title,,,NO_RESULT,Nominatim,,,0,UNKNOWN,UNKNOWN,,Nominatim returned zero search candidates
183152,https://batdongsan.vn/nha-ngon-tam-chau-tam-phu-68m2-3pn-oto-gia-rieu-tot-nhinh-5-ty-r183152,"Ngay đường Tam Châu cách bệnh viện tp Thủ Đức 300m, 500m ra quốc lộ 1A, 1,5km ra Phạm Văn Đồng",Ngay đường Tam Châu cách bệnh viện tp Thủ Đức ra quốc lộ 1A 1 5km ra Phạm Văn Đồng,"Ngay đường Tam Châu cách bệnh viện tp Thủ Đức ra quốc lộ 1A 1 5km ra Phạm Văn Đồng, Thành phố Hồ Chí Minh, Việt Nam",Hồ Chí Minh,Thủ Đức,STREET_LEVEL,dedicated_address,,,NO_RESULT,Nominatim,,,0,UNKNOWN,UNKNOWN,,Nominatim returned zero search candidates
140774,https://batdongsan.vn/ban-nha-mat-pho-cong-quynh-quan-1-199-ty-76m2-4-tang-8-pn-so-hong-r140774,PHỐ CỐNG QUỲNH - QUẬN 1 - 19,PHỐ CỐNG QUỲNH QUẬN 1 19,"PHỐ CỐNG QUỲNH QUẬN 1 19, Thành phố Hồ Chí Minh, Việt Nam",Hồ Chí Minh,Quận 1,STREET_LEVEL,title,,,NO_RESULT,Nominatim,,,0,UNKNOWN,UNKNOWN,,Nominatim returned zero search candidates
80379,https://batdongsan.vn/ban-nha-hem-duong-bong-sao-phuong-1-quan-8-r250526,"hẻm đường Bông Sao, phường 1, Quận 8",hẻm đường Bông Sao phường 1 Quận 8,"hẻm đường Bông Sao phường 1 Quận 8, Thành phố Hồ Chí Minh, Việt Nam",Hồ Chí Minh,Quận 8,ALLEY_OR_LANE,title,,,NO_RESULT,Nominatim,,,0,UNKNOWN,UNKNOWN,,Nominatim returned zero search candidates
146699,https://batdongsan.vn/ban-can-vip-kim-giang-5-tang-35m2-mt-45m-gia-nhinh-8-ty-r146699,"Kim Giang, Thanh Xuân, Hà Nội",Kim Giang Thanh Xuân Hà Nội,"Kim Giang Thanh Xuân Hà Nội, Việt Nam",Hà Nội,Thanh Xuân,STREET_LEVEL,dedicated_address,20.984939,105.8117827,STREET_MATCH,Nominatim,building/apartments,"Chung Cư A1 Kim Giang Tái Định Cư, Ngõ 80 Phố Hoàng Đạo Thành, Phường Khương Đình, Thành phố Hà Nội, 11410, Việt Nam",2,ADMIN_PARTIAL_MATCH,UNKNOWN,6.55,Valid coordinate within ADMIN_PARTIAL_MATCH (UNKNOWN)
84550,https://batdongsan.vn/ban-gap-nha-dep-363m2-17-ty-au-duong-lan-quan-8-r254712,"BÁN GẤP NHÀ ĐẸP 36.3M2 1.7 TỶ, ÂU DƯƠNG LÂN QUẬN 8",BÁN GẤP 36 ÂU DƯƠNG LÂN QUẬN 8,"BÁN GẤP 36 ÂU DƯƠNG LÂN QUẬN 8, Thành phố Hồ Chí Minh, Việt Nam",Hồ Chí Minh,Quận 8,STREET_LEVEL,description,,,NO_RESULT,Nominatim,,,0,UNKNOWN,UNKNOWN,,Nominatim returned zero search candidates
107552,https://batdongsan.vn/ban-nha-hxh-duong-ma-lo-dt-485x13m-3-lau-gia-56-ty-tl-lien-he-ngay-r277746,"Khu dân cư an ninh, dân trí cao, văn minh, sạch sẽ",Khu dân cư an ninh dân trí cao văn minh sạch sẽ,"Khu dân cư an ninh dân trí cao văn minh sạch sẽ, Bình Tân, Thành phố Hồ Chí Minh, Việt Nam",Hồ Chí Minh,Bình Tân,ALLEY_OR_LANE,dedicated_address,,,NO_RESULT,Nominatim,,,0,UNKNOWN,UNKNOWN,,Nominatim returned zero search candidates
