id,detail_url,original_location,title,address_raw,address_normalized,geocoding_query,street,ward,district_detail,province_detail,address_source,granularity
185833,https://batdongsan.vn/nha-dep-moi-xay-an-duong-vuong-p-an-lac-dt-52m2-2-lau-4pn-5wc-thang-may-gia-88-ty-r185833,"Bình Tân, Hồ Chí Minh","Nhà đẹp mới xây // An Dương Vương, p An Lạc dt 52m2 2 lầu 4pn 5wc , thang máy giá 8,8 tỷ","Nhà đẹp mới xây // An Dương Vương, p An Lạc dt 52m2 2 lầu 4pn 5wc , thang máy giá 8,8 tỷ","Nhà đẹp mới xây // An Dương Vương, p An Lạc dt 52m2 2 lầu 4pn 5wc , thang máy giá 8,8 tỷ","Nhà đẹp mới xây // An Dương Vương, p An Lạc dt 52m2 2 lầu 4pn 5wc , thang máy giá 8,8 tỷ, Bình Tân, Hồ Chí Minh, Việt Nam",,,Bình Tân,Hồ Chí Minh,title,DISTRICT_ONLY_OR_COARSE
184850,https://batdongsan.vn/trung-tam-cau-giay-5-tang-dan-xay-ngo-thong-tu-tung-o-to-tranh-5-tang-30m2-72-ty-r184850,"Cầu Giấy, Hà Nội","TRUNG TÂM CẦU GIẤY - 5 TẦNG DÂN XÂY – NGÕ THÔNG TỨ TUNG- Ô TÔ TRÁNH _ 5 TẦNG – 30M2 – 7,2 TỶ",NGÕ THÔNG TỨ TUNG- Ô TÔ TRÁNH _ 5 TẦNG – 30M2 – 7,NGÕ THÔNG TỨ TUNG- Ô TÔ TRÁNH _ 5 TẦNG – 30M2 – 7,"NGÕ THÔNG TỨ TUNG- Ô TÔ TRÁNH _ 5 TẦNG – 30M2 – 7, Cầu Giấy, Hà Nội, Việt Nam",Ngõ Thông Tứ Tung,,Cầu Giấy,Hà Nội,title,ALLEY_OR_LANE
156775,https://batdongsan.vn/khuat-duy-tien-thang-may-kinh-doanh-oto-do-cua-dt-50m-x-8-tang-gia-259-ty-r156775,"Thanh Xuân, Hà Nội",Khuât Duy Tiến Thang Máy - Kinh Doanh Oto Đỗ Cửa DT 50m x 8 tầng Giá 25.9 tỷ,Khuât Duy Tiến Thang Máy - Kinh Doanh Oto Đỗ Cửa DT 50m x 8 tầng Giá 25.9 tỷ,Khuât Duy Tiến Thang Máy - Kinh Doanh Oto Đỗ Cửa DT 50m x 8 tầng Giá 25.9 tỷ,"Khuât Duy Tiến Thang Máy - Kinh Doanh Oto Đỗ Cửa DT 50m x 8 tầng Giá 25.9 tỷ, Thanh Xuân, Hà Nội, Việt Nam",,,Thanh Xuân,Hà Nội,title,DISTRICT_ONLY_OR_COARSE
150429,https://batdongsan.vn/ban-nha-nguyen-van-cong-4x11-3-tang-nhinh-4-ti-r150429,"Gò Vấp, Hồ Chí Minh","Bán Nhà Nguyễn Văn Công (4x11), 3 Tầng Nhỉnh 4 Tỉ","Bán Nhà Nguyễn Văn Công (4x11), 3 Tầng Nhỉnh 4 Tỉ","Bán Nhà Nguyễn Văn Công (4x11), 3 Tầng Nhỉnh 4 Tỉ","Bán Nhà Nguyễn Văn Công (4x11), 3 Tầng Nhỉnh 4 Tỉ, Gò Vấp, Hồ Chí Minh, Việt Nam",,,Gò Vấp,Hồ Chí Minh,title,DISTRICT_ONLY_OR_COARSE
151085,https://batdongsan.vn/ban-nha-109-hxh-gan-lac-long-quan-tan-binh-2-lau-nhinh-5-ty-r151085,"Tân Bình, Hồ Chí Minh","Bán nhà 10*9, HXH, gần Lạc Long Quân, Tân Bình, 2 lầu, nhỉnh 5 tỷ","Bán nhà 10*9, HXH, gần Lạc Long Quân, Tân Bình, 2 lầu, nhỉnh 5 tỷ","Bán nhà 10*9, HXH, gần Lạc Long Quân, Tân Bình, 2 lầu, nhỉnh 5 tỷ","Bán nhà 10*9, HXH, gần Lạc Long Quân, Tân Bình, 2 lầu, nhỉnh 5 tỷ, Hồ Chí Minh, Việt Nam",,,Tân Bình,Hồ Chí Minh,title,ALLEY_OR_LANE
134211,https://batdongsan.vn/sieu-pham-4-tang-quang-trung-p11-go-vap-79m2-tang-full-noi-that-gia-668-ty-tl-r134211,"Gò Vấp, Hồ Chí Minh",Siêu Phẩm 4 tầng Quang Trung P11 Gò Vấp 79m2 tặng full nội thất giá 6.68 tỷ TL,Siêu Phẩm 4 tầng Quang Trung P11 Gò Vấp 79m2 tặng full nội thất giá 6.68 tỷ TL,Siêu Phẩm 4 tầng Quang Trung P11 Gò Vấp 79m2 tặng full nội thất giá 6.68 tỷ TL,"Siêu Phẩm 4 tầng Quang Trung P11 Gò Vấp 79m2 tặng full nội thất giá 6.68 tỷ TL, Hồ Chí Minh, Việt Nam",,,Gò Vấp,Hồ Chí Minh,title,DISTRICT_ONLY_OR_COARSE
152347,https://batdongsan.vn/c176-nha-2-tang-hxh-san-thu-nhap-13trthang-chi-hon-3-ty-r152347,"Quận 7, Hồ Chí Minh",C176 🔥 Nhà 2 tầng HXH  – sẵn thu nhập 13tr/tháng – Chỉ hơn 3 tỷ !!!,C176 🔥 Nhà 2 tầng HXH  – sẵn thu nhập 13tr/tháng – Chỉ hơn 3 tỷ !!!,C176 🔥 Nhà 2 tầng HXH – sẵn thu nhập 13tr/tháng – Chỉ hơn 3 tỷ !!!,"C176 🔥 Nhà 2 tầng HXH – sẵn thu nhập 13tr/tháng – Chỉ hơn 3 tỷ !!!, Quận 7, Hồ Chí Minh, Việt Nam",,,Quận 7,Hồ Chí Minh,title,ALLEY_OR_LANE
189865,https://batdongsan.vn/ban-nha-rieng-chinh-chu-tran-dinh-xu-quan-1-gia-225-ty-r189865,"Quận 1, Hồ Chí Minh","Bán Nhà Riêng Chính Chủ  TRẦN ĐÌNH XU, QUẬN 1 – GIÁ 2.25 TỶ","Bán Nhà Riêng Chính Chủ  TRẦN ĐÌNH XU, QUẬN 1 – GIÁ 2.25 TỶ","Bán Nhà Riêng Chính Chủ TRẦN ĐÌNH XU, QUẬN 1 – GIÁ 2.25 TỶ","Bán Nhà Riêng Chính Chủ TRẦN ĐÌNH XU, QUẬN 1 – GIÁ 2.25 TỶ, Quận 1, Hồ Chí Minh, Việt Nam","Trần Đình Xu, Quận",,Quận 1,Hồ Chí Minh,description,STREET_LEVEL
121320,https://batdongsan.vn/52m2-nha-mat-ngo-xuan-phuong-ngay-nga-tu-nhon-3-tang-re-nhat-nam-tu-liem-chi-nhinh-6-ty-r121320,"Nam Từ Liêm, Hà Nội","52m2 NHÀ MẶT NGÕ XUÂN PHƯƠNG – NGAY NGÃ TƯ NHỔN - 3 tầng - RẺ NHẤT NAM TỪ LIÊM, chỉ nhỉnh 6 tỷ",NGÕ XUÂN PHƯƠNG – NGAY NGÃ TƯ NHỔN - 3 tầng - RẺ NHẤT NAM TỪ LIÊM,NGÕ XUÂN PHƯƠNG – NGAY NGÃ TƯ NHỔN - 3 tầng - RẺ NHẤT NAM TỪ LIÊM,"NGÕ XUÂN PHƯƠNG – NGAY NGÃ TƯ NHỔN - 3 tầng - RẺ NHẤT NAM TỪ LIÊM, Nam Từ Liêm, Hà Nội, Việt Nam",Nhà Mặt Ngõ Xuân Phương,,Nam Từ Liêm,Hà Nội,title,ALLEY_OR_LANE
106604,https://batdongsan.vn/nha-moi-3-tang-hem-xe-hoi-noi-that-day-du-nhinh-5-ty-r276798,"Gò Vấp, Hồ Chí Minh",NHÀ MỚI 3 TẦNG – HẺM XE HƠI – NỘI THẤT ĐẦY ĐỦ - NHỈNH 5 TỶ,HẺM XE HƠI – NỘI THẤT ĐẦY ĐỦ - NHỈNH 5 TỶ,HẺM XE HƠI – NỘI THẤT ĐẦY ĐỦ - NHỈNH 5 TỶ,"HẺM XE HƠI – NỘI THẤT ĐẦY ĐỦ - NHỈNH 5 TỶ, Gò Vấp, Hồ Chí Minh, Việt Nam",Nhà Mới,,Gò Vấp,Hồ Chí Minh,title,ALLEY_OR_LANE
192527,https://batdongsan.vn/ban-nha-trung-tam-ngoc-thuy-30m2-3-tang-full-noi-that-gia-chi-6-ty-xiu-r192527,"Long Biên, Hà Nội",BÁN NHÀ TRUNG TÂM NGỌC THỤY – 30M² – 3 TẦNG – FULL NỘI THẤT – GIÁ CHỈ 6 TỶ XÍU,BÁN NHÀ TRUNG TÂM NGỌC THỤY – 30M² – 3 TẦNG – FULL NỘI THẤT – GIÁ CHỈ 6 TỶ XÍU,BÁN NHÀ TRUNG TÂM NGỌC THỤY – 30M² – 3 TẦNG – FULL NỘI THẤT – GIÁ CHỈ 6 TỶ XÍU,"BÁN NHÀ TRUNG TÂM NGỌC THỤY – 30M² – 3 TẦNG – FULL NỘI THẤT – GIÁ CHỈ 6 TỶ XÍU, Long Biên, Hà Nội, Việt Nam",Bán Nhà Trung Tâm Ngọc Thụy,,Long Biên,Hà Nội,title,STREET_LEVEL
98127,https://batdongsan.vn/huong-lo-3-binh-tan-ngay-aeon-tan-phu-ngang-5m-nhinh-4-ty-r268306,"Bình Tân, Hồ Chí Minh",Hương Lộ 3. Bình Tân. Ngay AEON Tân Phú. Ngang 5m. Nhỉnh 4 Tỷ.,Hương Lộ 3. Bình Tân. Ngay AEON Tân Phú. Ngang 5m. Nhỉnh 4 Tỷ.,Hương Lộ 3. Bình Tân. Ngay AEON Tân Phú. Ngang 5m. Nhỉnh 4 Tỷ.,"Hương Lộ 3. Bình Tân. Ngay AEON Tân Phú. Ngang 5m. Nhỉnh 4 Tỷ., Hồ Chí Minh, Việt Nam",,,Bình Tân,Hồ Chí Minh,title,DISTRICT_ONLY_OR_COARSE
137936,https://batdongsan.vn/50m-nha-pho-o-to-thang-may-mat-tien-rong-san-sang-don-tet-chi-nhinh-9-dong-r137936,"Long Biên, Hà Nội",50M NHÀ PHỐ Ô TÔ THANG MÁY MẶT TIỀN RỘNG SẴN SÀNG ĐÓN TẾT CHỈ NHỈNH 9 ĐỒNG,PHỐ Ô TÔ THANG MÁY MẶT TIỀN RỘNG SẴN SÀNG ĐÓN TẾT CHỈ NHỈNH 9 ĐỒNG,PHỐ Ô TÔ THANG MÁY MẶT TIỀN RỘNG SẴN SÀNG ĐÓN TẾT CHỈ NHỈNH 9 ĐỒNG,"PHỐ Ô TÔ THANG MÁY MẶT TIỀN RỘNG SẴN SÀNG ĐÓN TẾT CHỈ NHỈNH 9 ĐỒNG, Long Biên, Hà Nội, Việt Nam",50M Nhà Phố,,Long Biên,Hà Nội,title,STREET_LEVEL
93492,https://batdongsan.vn/0703903486-r263667,"Bình Thạnh, Hồ Chí Minh",0703903486,Hẻm xe hơi 8m đường Nguyễn Cửu Vân P17 quận Bình thạnh,Hẻm xe hơi 8m đường Nguyễn Cửu Vân P17 quận Bình thạnh,"Hẻm xe hơi 8m đường Nguyễn Cửu Vân P17 quận Bình thạnh, Bình Thạnh, Hồ Chí Minh, Việt Nam",,,Bình Thạnh,Hồ Chí Minh,dedicated_address,HOUSE_LEVEL
95902,https://batdongsan.vn/go-vap-le-van-tho-cv-lang-hoa-nha-full-noi-that-kv-4x85m-chi-285-ty-r266077,"Gò Vấp, Hồ Chí Minh","GÒ VẤP, LÊ VĂN THỌ, CV LÀNG HOA, NHÀ FULL NỘI THẤT, KV 4x8.5m, CHỈ 2.85 TỶ","GÒ VẤP, LÊ VĂN THỌ, CV LÀNG HOA, NHÀ FULL NỘI THẤT, KV 4x8.5m, CHỈ 2.85 TỶ","GÒ VẤP, LÊ VĂN THỌ, CV LÀNG HOA, NHÀ FULL NỘI THẤT, KV 4x8.5m, CHỈ 2.85 TỶ","GÒ VẤP, LÊ VĂN THỌ, CV LÀNG HOA, NHÀ FULL NỘI THẤT, KV 4x8.5m, CHỈ 2.85 TỶ, Gò Vấp, Hồ Chí Minh, Việt Nam","Gò Vấp, Lê Văn Thọ, Cv Làng Hoa, Nhà Full Nội Thất, Kv",,Gò Vấp,Hồ Chí Minh,title,STREET_LEVEL
185748,https://batdongsan.vn/ban-nha-xuan-dinh-sieu-dep-oto-kinh-doanh-o-suong-gan-cong-vien-40m2-so-dep-nhinh-9-ty-r185748,"Bắc Từ Liêm, Hà Nội","BÁN NHÀ XUÂN ĐỈNH SIÊU ĐẸP, OTO, KINH DOANH, Ở SƯỚNG GẦN CÔNG VIÊN 40m2 Sổ đẹp nhỉnh 9 tỷ","BÁN NHÀ XUÂN ĐỈNH SIÊU ĐẸP, OTO, KINH DOANH, Ở SƯỚNG GẦN CÔNG VIÊN 40m2 Sổ đẹp nhỉnh 9 tỷ","BÁN NHÀ XUÂN ĐỈNH SIÊU ĐẸP, OTO, KINH DOANH, Ở SƯỚNG GẦN CÔNG VIÊN 40m2 Sổ đẹp nhỉnh 9 tỷ","BÁN NHÀ XUÂN ĐỈNH SIÊU ĐẸP, OTO, KINH DOANH, Ở SƯỚNG GẦN CÔNG VIÊN 40m2 Sổ đẹp nhỉnh 9 tỷ, Bắc Từ Liêm, Hà Nội, Việt Nam","Bán Nhà Xuân Đỉnh Siêu Đẹp, Oto, Kinh Doanh,",,Bắc Từ Liêm,Hà Nội,title,STREET_LEVEL
162255,https://batdongsan.vn/ban-nha-mat-tien-nguyen-trong-tuyen-nguyen-van-troi-41x18m-2-tang-hdt-22tr-145-ty-r162255,"Phú Nhuận, Hồ Chí Minh","Bán nhà Mặt tiền Nguyễn Trọng Tuyển - Nguyễn Văn Trỗi, 4,1x18m, 2 Tầng, HĐT 22tr, 14,5 tỷ.",Mặt tiền Nguyễn Trọng Tuyển - Nguyễn Văn Trỗi,Mặt tiền Nguyễn Trọng Tuyển - Nguyễn Văn Trỗi,"Mặt tiền Nguyễn Trọng Tuyển - Nguyễn Văn Trỗi, Phú Nhuận, Hồ Chí Minh, Việt Nam",Mặt Tiền Nguyễn Trọng Tuyển,,Phú Nhuận,Hồ Chí Minh,title,STREET_LEVEL
124430,https://batdongsan.vn/ban-toa-van-phong-9-tang-mat-pho-ton-duc-thangvi-tri-lo-gocdt-110m2-gia-70-ty-r124430,"Đống Đa, Hà Nội",Bán Tòa Văn Phòng 9 Tầng Mặt Phố Tôn Đức Thắng.Vị Trí Lô Góc.DT 110m2. Giá 70 TỶ,Phố Tôn Đức Thắng.Vị Trí Lô Góc.DT 110m2. Giá 70 TỶ,Phố Tôn Đức Thắng.Vị Trí Lô Góc.DT 110m2. Giá 70 TỶ,"Phố Tôn Đức Thắng.Vị Trí Lô Góc.DT 110m2. Giá 70 TỶ, Đống Đa, Hà Nội, Việt Nam",,,Đống Đa,Hà Nội,title,STREET_LEVEL
116538,https://batdongsan.vn/duong-lang-dong-da55m2-5-tang-long-lay-o-to-tranh-kinh-doanh-dinh-cao-gia-16-ty-r116538,"Đống Đa, Hà Nội","ĐƯỜNG LÁNG, ĐỐNG ĐA,55M2 5 TẦNG LỘNG LẪY , Ô TÔ TRÁNH, KINH DOANH ĐỈNH CAO GIÁ 16 TỶ",ĐƯỜNG LÁNG,ĐƯỜNG LÁNG,"ĐƯỜNG LÁNG, Đống Đa, Hà Nội, Việt Nam",Đường Láng Đường Láng,,Đống Đa,Hà Nội,title,STREET_LEVEL
192177,https://batdongsan.vn/mat-tien-hiem-tan-phu-4x15-60m2-3-tang-kien-co-gia-nhinh-7ty-r192177,"Tân Phú, Hồ Chí Minh",MẶT TIỀN HIẾM - TÂN PHÚ – 4X15 – 60M² – 3 TẦNG KIÊN CỐ – GIÁ NHỈNH 7TỶ,"Nằm sát trục đường Nguyễn Sơn, Phường Phú Thạnh, Quận Tân Phú – tuyến đường kinh doanh sầm uất, khu dân cư đông đúc, phù hợp vừa ở","Nằm sát trục đường Nguyễn Sơn, Phường Phú Thạnh, Quận Tân Phú – tuyến đường kinh doanh sầm uất, khu dân cư đông đúc, phù hợp vừa ở","Nằm sát trục đường Nguyễn Sơn, Phường Phú Thạnh, Quận Tân Phú – tuyến đường kinh doanh sầm uất, khu dân cư đông đúc, phù hợp vừa ở, Hồ Chí Minh, Việt Nam",Đường Nguyễn Sơn,Phường Phú Thạnh,Tân Phú,Hồ Chí Minh,dedicated_address,PROJECT_OR_RESIDENTIAL_AREA
156507,https://batdongsan.vn/ban-nha-dien-bien-phu-quan-3-hem-rong-4m-gia-385-ty-r156507,"Quận 3, Hồ Chí Minh","Bán nhà Điện Biên Phủ, Quận 3, hẻm rộng 4m, Giá 3.85 tỷ",hẻm 4 m,hẻm 4 m,"hẻm 4 m, Quận 3, Hồ Chí Minh, Việt Nam",Hẻm 4 M Bán Nhà Điện Biên Phủ,,Quận 3,Hồ Chí Minh,dedicated_address,ALLEY_OR_LANE
142657,https://batdongsan.vn/ban-nha-khuong-hathanh-xuantruoc-nha-25mthang-maygan-o-to43m2115-tyctl-r142657,"Thanh Xuân, Hà Nội","BÁN NHÀ KHƯƠNG HẠ,THANH XUÂN,TRƯỚC NHÀ 2,5M,THANG MÁY,GẦN Ô TÔ,43M2,11.5 TỶ(CTL)","BÁN NHÀ KHƯƠNG HẠ,THANH XUÂN,TRƯỚC NHÀ 2,5M,THANG MÁY,GẦN Ô TÔ,43M2,11.5 TỶ(CTL)","BÁN NHÀ KHƯƠNG HẠ,THANH XUÂN,TRƯỚC NHÀ 2,5M,THANG MÁY,GẦN Ô TÔ,43M2,11.5 TỶ(CTL)","BÁN NHÀ KHƯƠNG HẠ,THANH XUÂN,TRƯỚC NHÀ 2,5M,THANG MÁY,GẦN Ô TÔ,43M2,11.5 TỶ(CTL), Thanh Xuân, Hà Nội, Việt Nam","Bán Nhà Khương Hạ,Thanh Xuân,Trước Nhà 2,5M,Thang Máy,Gần",,Thanh Xuân,Hà Nội,title,STREET_LEVEL
101016,https://batdongsan.vn/ban-nha-ngo-73-hoang-ngan-phuong-nhan-chinh-tang-1-de-o-to-mat-tien-5m-gia-77-ty-r271199,"Thanh Xuân, Hà Nội","Bán nhà ngõ 73 Hoàng Ngân, phường Nhân Chính, tầng 1 để ô tô, mặt tiền 5m giá 7.7 tỷ","ngõ 73 Hoàng Ngân, phường Nhân Chính","ngõ 73 Hoàng Ngân, phường Nhân Chính","ngõ 73 Hoàng Ngân, phường Nhân Chính, Thanh Xuân, Hà Nội, Việt Nam",Ngõ 73 Hoàng Ngân,,Thanh Xuân,Hà Nội,title,ALLEY_OR_LANE
92765,https://batdongsan.vn/36-ty-20m-ra-pho-ho-khau-tran-quoc-vuong-cau-giay-32m2-x-5-tang-r262940,"Cầu Giấy, Hà Nội",3.6 Tỷ - 20M ra phố - Hổ khẩu Trần Quốc Vượng - Cầu Giấy - 32M2 x 5 Tầng,phố - Hổ khẩu Trần Quốc Vượng - Cầu Giấy - 32M2 x 5 Tầng,phố - Hổ khẩu Trần Quốc Vượng - Cầu Giấy - 32M2 x 5 Tầng,"phố - Hổ khẩu Trần Quốc Vượng - Cầu Giấy - 32M2 x 5 Tầng, Hà Nội, Việt Nam",Phố - Hổ Khẩu Trần Quốc Vượng,,Cầu Giấy,Hà Nội,title,STREET_LEVEL
109964,https://batdongsan.vn/ban-nha-dai-mo-nam-tu-liem-mat-tien-4m-duong-nhua-oto-do-cua-5-tang-full-noi-thatdien-tich-35m-chi-hon-4-ty-r280158,"Nam Từ Liêm, Hà Nội","BÁN NHÀ ĐẠI MỖ-NAM TỪ LIÊM, MẶT TIỀN 4m ĐƯỜNG NHỰA, OTO ĐỖ CỬA, 5 TẦNG FULL NỘI THẤT,DIỆN TÍCH 35m,...",MẶT TIỀN 4m ĐƯỜNG NHỰA,MẶT TIỀN 4m ĐƯỜNG NHỰA,"MẶT TIỀN 4m ĐƯỜNG NHỰA, Nam Từ Liêm, Hà Nội, Việt Nam","Đường Nhựa, Oto Đỗ Cửa,",,Nam Từ Liêm,Hà Nội,title,HOUSE_LEVEL
195060,https://batdongsan.vn/ban-nha-dong-tien-yen-duyen-7-tang-thang-may-long-lanh-vf3-thong-50m-ra-pho-hoang-mai-r195060,"Hoàng Mai, Hà Nội",Bán nhà dòng tiền yên duyên 7 tầng thang máy long lanh VF3 thông 50M ra phố hoàng mai,phố hoàng mai,phố hoàng mai,"phố hoàng mai, Hoàng Mai, Hà Nội, Việt Nam",,,Hoàng Mai,Hà Nội,title,STREET_LEVEL
88987,https://batdongsan.vn/go-vap-quang-trung-phuong-11-84m2-ngang-hon-5m-4-tang-chi-79-ty-r259157,"Gò Vấp, Hồ Chí Minh","Gò Vấp, Quang Trung Phường 11, 84m2, ngang hơn 5m, 4 tầng chỉ 7.9 tỷ","đường Quang Trung, Phường 11, Gò Vấp","đường Quang Trung, Phường 11, Gò Vấp","đường Quang Trung, Phường 11, Gò Vấp, Hồ Chí Minh, Việt Nam",Đường Quang Trung,Phường 11,Gò Vấp,Hồ Chí Minh,dedicated_address,STREET_AND_WARD
152802,https://batdongsan.vn/nha-dep-o-ngay-tang-noi-that-gan-otochu-nha-lam-chuyen-noi-lam-an-nen-ban-lai-r152802,"Bắc Từ Liêm, Hà Nội",NHÀ ĐẸP Ở NGAY - TẶNG NỘI THẤT - GẦN OTO.Chủ nhà làm chuyển nơi làm ăn nên bán lại.,NHÀ ĐẸP Ở NGAY - TẶNG NỘI THẤT - GẦN OTO.Chủ nhà làm chuyển nơi làm ăn nên bán lại.,NHÀ ĐẸP Ở NGAY - TẶNG NỘI THẤT - GẦN OTO.Chủ nhà làm chuyển nơi làm ăn nên bán lại.,"NHÀ ĐẸP Ở NGAY - TẶNG NỘI THẤT - GẦN OTO.Chủ nhà làm chuyển nơi làm ăn nên bán lại., Bắc Từ Liêm, Hà Nội, Việt Nam",Nhà Đẹp,,Bắc Từ Liêm,Hà Nội,title,STREET_LEVEL
117956,https://batdongsan.vn/binh-thanh-nguyen-van-dau-hem-xe-hoi-thong-tu-tung-qua-cho-hoang-hoa-tham-ngang-4m-khu-dan-cu-r117956,"Bình Thạnh, Hồ Chí Minh","BÌNH THẠNH, NGUYỄN VĂN ĐẬU – HẺM XE HƠI THÔNG TỨ TUNG QUA CHỢ HOÀNG HOA THÁM, NGANG 4M, KHU DÂN CƯ",HẺM XE HƠI THÔNG TỨ TUNG QUA CHỢ HOÀNG HOA THÁM,HẺM XE HƠI THÔNG TỨ TUNG QUA CHỢ HOÀNG HOA THÁM,"HẺM XE HƠI THÔNG TỨ TUNG QUA CHỢ HOÀNG HOA THÁM, Bình Thạnh, Hồ Chí Minh, Việt Nam","Bình Thạnh, Nguyễn Văn Đậu",,Bình Thạnh,Hồ Chí Minh,title,ALLEY_OR_LANE
85293,https://batdongsan.vn/ban-nha-dat-dich-vu-kdt-van-khe-o-to-vao-nha-50m2-5-tang-thiet-ke-hop-ly-nhinh-8-ty-r255458,"Hà Đông, Hà Nội","Bán nhà đất dịch vụ KĐT Văn Khê, ô tô vào nhà, 50m2, 5 tầng, thiết kế hợp lý, nhỉnh 8 tỷ","Bán nhà đất dịch vụ KĐT Văn Khê, ô tô vào nhà, 50m2, 5 tầng, thiết kế hợp lý, nhỉnh 8 tỷ","Bán nhà đất dịch vụ KĐT Văn Khê, ô tô vào nhà, 50m2, 5 tầng, thiết kế hợp lý, nhỉnh 8 tỷ","Bán nhà đất dịch vụ KĐT Văn Khê, ô tô vào nhà, 50m2, 5 tầng, thiết kế hợp lý, nhỉnh 8 tỷ, Hà Đông, Hà Nội, Việt Nam",,,Hà Đông,Hà Nội,title,PROJECT_OR_RESIDENTIAL_AREA
176471,https://batdongsan.vn/ban-nha-mat-pho-kim-dong-50m2-6-tang-thang-may-o-to-do-trong-nha-21-ty-r176471,"Hoàng Mai, Hà Nội","BÁN NHÀ MẶT PHỐ KIM ĐỒNG – 50m², 6 TẦNG, THANG MÁY, Ô TÔ ĐỖ TRONG NHÀ – 21 TỶ","Mặt phố Kim Đồng, quận Hoàng Mai, Hà Nội✨ Tuyến phố kinh doanh sầm uất, giao thông thuận lợi, thông Giải Phóng – Trương Định – Giáp","Mặt phố Kim Đồng, quận Hoàng Mai, Hà Nội✨ Tuyến phố kinh doanh sầm uất, giao thông thuận lợi, thông Giải Phóng – Trương Định – Giáp","Mặt phố Kim Đồng, quận Hoàng Mai, Hà Nội✨ Tuyến phố kinh doanh sầm uất, giao thông thuận lợi, thông Giải Phóng – Trương Định – Giáp, Quận Hoàng Mai, Hà Nội, Việt Nam",Phố Kim Đồng,,Quận Hoàng Mai,Hà Nội,dedicated_address,STREET_LEVEL
185511,https://batdongsan.vn/gan-nha-ga-t3-nha-dep-72m2-4-tang-o-to-ngu-trong-nha-6x-ty-tl-r185511,"Gò Vấp, Hồ Chí Minh",Gần nhà ga T3! Nhà Đẹp 72M² 4 Tầng Ô TÔ NGỦ TRONG NHÀ – 6.x Tỷ TL!,Gần nhà ga T3! Nhà Đẹp 72M² 4 Tầng Ô TÔ NGỦ TRONG NHÀ – 6.x Tỷ TL!,Gần nhà ga T3! Nhà Đẹp 72M² 4 Tầng Ô TÔ NGỦ TRONG NHÀ – 6.x Tỷ TL!,"Gần nhà ga T3! Nhà Đẹp 72M² 4 Tầng Ô TÔ NGỦ TRONG NHÀ – 6.x Tỷ TL!, Gò Vấp, Hồ Chí Minh, Việt Nam",Tô Ngủ Trong Nhà,,Gò Vấp,Hồ Chí Minh,title,STREET_LEVEL
138008,https://batdongsan.vn/thuy-khue-tay-ho-41m2-7-tang-mt-41m-gia-148-ty-nha-moi-thang-may-phan-lo-o-to-7c-ngo-r138008,"Tây Hồ, Hà Nội","THỤY KHUÊ, TÂY HỒ. 41M2 7 TẦNG MT 4.1M GIÁ 14,8 TỶ-NHÀ MỚI - THANG MÁY - PHÂN LÔ - Ô TÔ 7C - NGÕ","THỤY KHUÊ, TÂY HỒ. 41M2 7 TẦNG MT 4.1M GIÁ 14,8 TỶ-NHÀ MỚI - THANG MÁY - PHÂN LÔ - Ô TÔ 7C - NGÕ","THỤY KHUÊ, TÂY HỒ. 41M2 7 TẦNG MT 4.1M GIÁ 14,8 TỶ-NHÀ MỚI - THANG MÁY - PHÂN LÔ - Ô TÔ 7C - NGÕ","THỤY KHUÊ, TÂY HỒ. 41M2 7 TẦNG MT 4.1M GIÁ 14,8 TỶ-NHÀ MỚI - THANG MÁY - PHÂN LÔ - Ô TÔ 7C - NGÕ, Tây Hồ, Hà Nội, Việt Nam",Ngõ Thụy Khuê,,Tây Hồ,Hà Nội,description,ALLEY_OR_LANE
192031,https://batdongsan.vn/toa-nha-9-tang-2-mat-tien-dang-cap-sieu-pham-10m-ra-mat-pho-truong-chinh-gara-4-o-to-r192031,"Đống Đa, Hà Nội",TÒA NHÀ 9 TẦNG 2 MẶT TIỀN  ĐẲNG CẤP- SIÊU PHẨM 10M RA MẶT PHỐ TRƯỜNG CHINH – GARA 4 Ô TÔ,MẶT TIỀN  ĐẲNG CẤP- SIÊU PHẨM 10M RA MẶT PHỐ TRƯỜNG CHINH – GARA 4 Ô TÔ,MẶT TIỀN ĐẲNG CẤP- SIÊU PHẨM 10M RA MẶT PHỐ TRƯỜNG CHINH – GARA 4 Ô TÔ,"MẶT TIỀN ĐẲNG CẤP- SIÊU PHẨM 10M RA MẶT PHỐ TRƯỜNG CHINH – GARA 4 Ô TÔ, Đống Đa, Hà Nội, Việt Nam",Mặt Tiền  Đẳng Cấp,,Đống Đa,Hà Nội,title,STREET_LEVEL
113321,https://batdongsan.vn/ban-nha-lien-ke-pho-khuat-duy-tien-thong-sang-duong-nguyen-trai-o-to-do-cua-73m2-nha-dep-5-tang-gia-92-ty-r283515,"Thanh Xuân, Hà Nội","Bán nhà liền kề phố Khuất Duy Tiến thông sang đường Nguyễn Trãi, ô tô đỗ cửa 73m2 nhà đẹp 5 tầng giá...",phố Khuất Duy Tiến thông sang đường Nguyễn Trãi,phố Khuất Duy Tiến thông sang đường Nguyễn Trãi,"phố Khuất Duy Tiến thông sang đường Nguyễn Trãi, Thanh Xuân, Hà Nội, Việt Nam",,,Thanh Xuân,Hà Nội,title,STREET_LEVEL
110807,https://batdongsan.vn/nha-hxh-xvnt-phuong-21-quan-binh-thanh-19m2x25t-sat-quan-1-2ty-hon-r281001,"Bình Thạnh, Hồ Chí Minh","✨Nhà HXH X.V.N.T, phường 21, quận Bình Thạnh-19m2x2,5T-Sát Quận 1- 2tỷ hơn✨","✨Nhà HXH X.V.N.T, phường 21, quận Bình Thạnh-19m2x2,5T-Sát Quận 1- 2tỷ hơn✨","✨Nhà HXH X.V.N.T, phường 21, quận Bình Thạnh-19m2x2,5T-Sát Quận 1- 2tỷ hơn✨","✨Nhà HXH X.V.N.T, phường 21, quận Bình Thạnh-19m2x2,5T-Sát Quận 1- 2tỷ hơn✨, Quận Bình Thạnh, Hồ Chí Minh, Việt Nam","Hxh X.V.N.T,",Phường 21,Quận Bình Thạnh,Hồ Chí Minh,description,ALLEY_OR_LANE
161276,https://batdongsan.vn/hoa-haube-van-danquang-trungha-dong40m-5-tang-gia-hon-8-ty-r161276,"Hà Đông, Hà Nội","HOA HẬU,BÊ VĂN ĐAN,QUANG TRUNG,HÀ ĐÔNG,40M 5 TẦNG GIÁ HƠN 8 TỶ","Ngay gần Ga Cát Linh Hà Đông, Bệnh viện,siêu thị ,trường","Ngay gần Ga Cát Linh Hà Đông, Bệnh viện,siêu thị ,trường","Ngay gần Ga Cát Linh Hà Đông, Bệnh viện,siêu thị ,trường, Hà Nội, Việt Nam","Hoa Hậu,Bê Văn Đan,Quang Trung,Hà Đông,40M",,Hà Đông,Hà Nội,dedicated_address,STREET_LEVEL
135308,https://batdongsan.vn/ban-can-ho-tap-the-tang-1-nhan-hoa-vu-trong-phung-o-to-kd-72m-3pn-4-ty-hon-r135308,"Thanh Xuân, Hà Nội","Bán Căn Hộ Tập Thể Tầng 1 Nhân Hoà, Vũ Trọng Phụng, Ô Tô, KD 72m 3PN 4 Tỷ Hơn.","Bán Căn Hộ Tập Thể Tầng 1 Nhân Hoà, Vũ Trọng Phụng, Ô Tô, KD 72m 3PN 4 Tỷ Hơn.","Bán Căn Hộ Tập Thể Tầng 1 Nhân Hoà, Vũ Trọng Phụng, Ô Tô, KD 72m 3PN 4 Tỷ Hơn.","Bán Căn Hộ Tập Thể Tầng 1 Nhân Hoà, Vũ Trọng Phụng, Ô Tô, KD 72m 3PN 4 Tỷ Hơn., Thanh Xuân, Hà Nội, Việt Nam",,,Thanh Xuân,Hà Nội,title,DISTRICT_ONLY_OR_COARSE
144485,https://batdongsan.vn/san-pham-gia-re-nhat-khu-vuc-hbc-sau-gigamall-chi-50trm2-ful-tho-r144485,"Thủ Đức, Hồ Chí Minh",Sản Phảm Giá Rẻ Nhất Khu Vực HBC Sau Gigamall Chỉ 50tr/m2 Ful Thổ,"Đường số 22, Phường Hiệp Bình Chánh, TP Thủ Đức","Đường số 22, Phường Hiệp Bình Chánh, TP Thủ Đức","Đường số 22, Phường Hiệp Bình Chánh, TP Thủ Đức, Hồ Chí Minh, Việt Nam",Đường Số 22,Phường Hiệp Bình Chánh,Thủ Đức,Hồ Chí Minh,dedicated_address,STREET_AND_WARD
103882,https://batdongsan.vn/p15-tan-binh-hxh-7-cho-1-can-ra-mat-tien-45m2-gia-hon-3-ty-r274076,"Tân Bình, Hồ Chí Minh",P15 - Tân Bình – HXH 7 chỗ - 1 căn ra mặt tiền – 45m2 – giá hơn 3 tỷ.,"Cách Mặt tiền Cống Lở 1 căn, oto vô tận cửa","Cách Mặt tiền Cống Lở 1 căn, oto vô tận cửa","Cách Mặt tiền Cống Lở 1 căn, oto vô tận cửa, Tân Bình, Hồ Chí Minh, Việt Nam",Mặt Tiền Cống Lở 1 Căn,,Tân Bình,Hồ Chí Minh,dedicated_address,ALLEY_OR_LANE
111112,https://batdongsan.vn/nha-dep-duong-so-thong-le-van-viet-55m2-2-tang-khu-phan-lo-dep-cho-thue-o-to-dau-r281306,"Quận 9, Hồ Chí Minh","Nhà đẹp đường số thông Lê Văn Việt, 55m2 , 2 tầng, khu phân lô đẹp , cho thuê , ô tô đậu",đường số thông Lê Văn Việt,đường số thông Lê Văn Việt,"đường số thông Lê Văn Việt, Quận 9, Hồ Chí Minh, Việt Nam",,,Quận 9,Hồ Chí Minh,title,STREET_LEVEL
182575,https://batdongsan.vn/nguyen-khang-51m-chi-79-ty-nha-depfull-noi-thatgan-bai-gui-xengo-thong-r182575,"Cầu Giấy, Hà Nội","NGUYỄN KHANG 51M CHỈ 7,9 TỶ NHÀ ĐẸP,FULL NỘI THẤT,GẦN BÃI GỦI XE,NGÕ THÔNG","Nguyễn Khang, Yên Hòa, Cầu Giấy, Hà Nội (ngõ thông các hướng nha, đi lại tiện lợi lắm ạ!)","Nguyễn Khang, Yên Hòa, Cầu Giấy, Hà Nội (ngõ thông các hướng nha, đi lại tiện lợi lắm ạ!)","Nguyễn Khang, Yên Hòa, Cầu Giấy, Hà Nội (ngõ thông các hướng nha, đi lại tiện lợi lắm ạ!), Việt Nam",Ngõ Thông Các Hướng Nha,,Cầu Giấy,Hà Nội,dedicated_address,ALLEY_OR_LANE
146576,https://batdongsan.vn/sieu-pham-bau-cat-hem-xe-hoi-50m-ra-mat-tien-47m2-4-tang-full-noi-that-gia-chi-58-ty-r146576,"Tân Bình, Hồ Chí Minh","SIÊU PHẨM BÀU CÁT, HẺM XE HƠI 50M RA MẶT TIỀN, 47M2, 4 TẦNG FULL NỘI THẤT GIÁ CHỈ 5.8 TỶ",HẺM XE HƠI 50M RA MẶT TIỀN,HẺM XE HƠI 50M RA MẶT TIỀN,"HẺM XE HƠI 50M RA MẶT TIỀN, Tân Bình, Hồ Chí Minh, Việt Nam",,,Tân Bình,Hồ Chí Minh,title,ALLEY_OR_LANE
166949,https://batdongsan.vn/duoi-3-ty-shr-gan-song-sai-gon-ban-nha-thanh-loc-ho-tro-vay-bank-toi-da-r166949,"Quận 12, Hồ Chí Minh","Dưới 3 tỷ SHR gần sông Sài Gòn, bán nhà Thạnh Lộc hỗ trợ vay Bank tối đa","Dưới 3 tỷ SHR gần sông Sài Gòn, bán nhà Thạnh Lộc hỗ trợ vay Bank tối đa","Dưới 3 tỷ SHR gần sông Sài Gòn, bán nhà Thạnh Lộc hỗ trợ vay Bank tối đa","Dưới 3 tỷ SHR gần sông Sài Gòn, bán nhà Thạnh Lộc hỗ trợ vay Bank tối đa, Quận 12, Hồ Chí Minh, Việt Nam",,,Quận 12,Hồ Chí Minh,title,LANDMARK_OR_NEIGHBORHOOD
95330,https://batdongsan.vn/ban-nha-mat-ngo-91-nguyen-chi-thanh-dong-da-40m-4-tang-gia-12-ty-r265505,"Đống Đa, Hà Nội","Bán nhà mặt ngõ 91 Nguyễn Chi Thanh, Đống Đa 40m, 4 tầng. Giá: 12 tỷ",ngõ 91 Nguyễn Chi Thanh,ngõ 91 Nguyễn Chi Thanh,"ngõ 91 Nguyễn Chi Thanh, Đống Đa, Hà Nội, Việt Nam",,,Đống Đa,Hà Nội,title,ALLEY_OR_LANE
110452,https://batdongsan.vn/nha-pho-nguyen-chi-thanh50mngay-bai-gui-o-togan-chodan-tri-cao74-ty0348051001-r280646,"Đống Đa, Hà Nội","Nhà phố Nguyễn Chí Thanh,50m,ngay bãi gửi ô tô,gần chợ,dân trí cao,7.4 tỷ,0348051001",phố Nguyễn Chí Thanh,phố Nguyễn Chí Thanh,"phố Nguyễn Chí Thanh, Đống Đa, Hà Nội, Việt Nam",,,Đống Đa,Hà Nội,title,STREET_LEVEL
88597,https://batdongsan.vn/ban-nha-nguyen-van-tuyeto-to-kinh-doanh-ngo-thong-ra-pho-10m-mat-tien-cuc-rong-17ty130m2-r258767,"Đống Đa, Hà Nội",BÁN NHÀ NGUYỄN VĂN TUYẾT:Ô TÔ-KINH DOANH-NGÕ THÔNG-RA PHỐ 10M-MẶT TIỀN CỰC RỘNG-17TỶ/130M2,NGÕ THÔNG-RA PHỐ 10M-MẶT TIỀN CỰC RỘNG-17TỶ/130M2,NGÕ THÔNG-RA PHỐ 10M-MẶT TIỀN CỰC RỘNG-17TỶ/130M2,"NGÕ THÔNG-RA PHỐ 10M-MẶT TIỀN CỰC RỘNG-17TỶ/130M2, Đống Đa, Hà Nội, Việt Nam",Ngõ Thông,,Đống Đa,Hà Nội,title,ALLEY_OR_LANE
85484,https://batdongsan.vn/hem-7m-xe-hoi-ngu-trong-nha-4-tang-btct-5pn-so-vuong-a4-75m2-chi-67-ty-r255649,"Bình Tân, Hồ Chí Minh","HẺM 7M - XE HƠI NGỦ TRONG NHÀ - 4 TẦNG BTCT - 5PN - SỔ VUÔNG A4 - 75M2 - CHỈ 6,7 TỶ.",HẺM 7M - XE HƠI NGỦ TRONG NHÀ - 4 TẦNG BTCT - 5PN - SỔ VUÔNG A4 - 75M2 - CHỈ 6,HẺM 7M - XE HƠI NGỦ TRONG NHÀ - 4 TẦNG BTCT - 5PN - SỔ VUÔNG A4 - 75M2 - CHỈ 6,"HẺM 7M - XE HƠI NGỦ TRONG NHÀ - 4 TẦNG BTCT - 5PN - SỔ VUÔNG A4 - 75M2 - CHỈ 6, Bình Tân, Hồ Chí Minh, Việt Nam",Hẻm 7M,,Bình Tân,Hồ Chí Minh,title,HOUSE_LEVEL
147191,https://batdongsan.vn/nha-dang-cap-xe-hoi-ngu-nha-50m2-luen-ke-phu-my-hung-r147191,"Nhà Bè, Hồ Chí Minh","Nhà đẳng cấp - XE HƠI NGỦ NHÀ 50m2, luền kề Phú Mỹ Hưng","Nhà đẳng cấp - XE HƠI NGỦ NHÀ 50m2, luền kề Phú Mỹ Hưng","Nhà đẳng cấp - XE HƠI NGỦ NHÀ 50m2, luền kề Phú Mỹ Hưng","Nhà đẳng cấp - XE HƠI NGỦ NHÀ 50m2, luền kề Phú Mỹ Hưng, Nhà Bè, Hồ Chí Minh, Việt Nam",Xe Hơi Ngủ Nhà,,Nhà Bè,Hồ Chí Minh,title,STREET_LEVEL
189981,https://batdongsan.vn/mat-pho-co-long-duong-o-to-tranh-via-he-menh-mong-kinh-doanh-vo-doi-5-tang-dep-nhinh-25-ty-r189981,"Hoàn Kiếm, Hà Nội","MẶT PHỐ CỔ LÒNG ĐƯỜNG Ô TÔ TRÁNH, VỈA HÈ MÊNH MÔNG, KINH DOANH VÔ ĐỐI 5 TẦNG ĐẸP NHỈNH 25 TỶ",PHỐ CỔ LÒNG ĐƯỜNG Ô TÔ TRÁNH,PHỐ CỔ LÒNG ĐƯỜNG Ô TÔ TRÁNH,"PHỐ CỔ LÒNG ĐƯỜNG Ô TÔ TRÁNH, Hoàn Kiếm, Hà Nội, Việt Nam",Mặt Phố Cổ Lòng Đường,,Hoàn Kiếm,Hà Nội,title,STREET_LEVEL
129372,https://batdongsan.vn/ban-nha-mat-pho-an-duong-vuong-110m2-x-3-tang-mat-tien-55m-o-to-tranh-r129372,"Tây Hồ, Hà Nội",Bán nhà  mặt phố An Dương Vương 110m2 x 3 tầng mặt tiền 5.5m ô tô tránh,phố An Dương Vương 110m2 x 3 tầng mặt tiền 5.5m ô tô tránh,phố An Dương Vương 110m2 x 3 tầng mặt tiền 5.5m ô tô tránh,"phố An Dương Vương 110m2 x 3 tầng mặt tiền 5.5m ô tô tránh, Tây Hồ, Hà Nội, Việt Nam",,,Tây Hồ,Hà Nội,title,STREET_LEVEL
181425,https://batdongsan.vn/nha-pho-thang-may-dang-cap-4-tang-full-noi-that-ngay-nga-tu-ga-quan-12-r181425,"Quận 12, Hồ Chí Minh",NHÀ PHỐ THANG MÁY - ĐẲNG CẤP - 4 TẦNG - FULL NỘI THẤT NGAY NGÃ TƯ GA - QUẬN 12,PHỐ THANG MÁY - ĐẲNG CẤP - 4 TẦNG - FULL NỘI THẤT NGAY NGÃ TƯ GA - QUẬN 12,PHỐ THANG MÁY - ĐẲNG CẤP - 4 TẦNG - FULL NỘI THẤT NGAY NGÃ TƯ GA - QUẬN 12,"PHỐ THANG MÁY - ĐẲNG CẤP - 4 TẦNG - FULL NỘI THẤT NGAY NGÃ TƯ GA - QUẬN 12, Quận 12, Hồ Chí Minh, Việt Nam",Phố Thang Máy,,Quận 12,Hồ Chí Minh,title,STREET_LEVEL
95623,https://batdongsan.vn/ban-nha-1tret-2lau-hem-xe-hoi-p-linh-tay-thu-duc-dt-131-m2-gia-12-ty-r265798,"Thủ Đức, Hồ Chí Minh","Bán nhà 1Trệt 2Lầu, hẻm xe hơi, P. Linh Tây Thủ Đức, dt 131 m2 giá 12 tỷ","Cách đường chính số 9 100m, khoảng 700m là ra Phạm Văn Đồng, Kha Vạn Cân","Cách đường chính số 9 100m, khoảng 700m là ra Phạm Văn Đồng, Kha Vạn Cân","Cách đường chính số 9 100m, khoảng 700m là ra Phạm Văn Đồng, Kha Vạn Cân, Thủ Đức, Hồ Chí Minh, Việt Nam",Đường Chính Số 9 100M,P. Linh Tây Thủ Đức,Thủ Đức,Hồ Chí Minh,dedicated_address,ALLEY_OR_LANE
186127,https://batdongsan.vn/mat-tien-kinh-doanh-khu-tan-thanh-tan-phu-dt-80m2-a4-5-tang-r186127,"Tân Phú, Hồ Chí Minh","Mặt Tiền Kinh Doanh Khu Tân Thành, Tân Phú - DT 80m2, A4, 5 Tầng",Mặt Tiền Kinh Doanh Khu Tân Thành,Mặt Tiền Kinh Doanh Khu Tân Thành,"Mặt Tiền Kinh Doanh Khu Tân Thành, Tân Phú, Hồ Chí Minh, Việt Nam",,,Tân Phú,Hồ Chí Minh,title,DISTRICT_ONLY_OR_COARSE
119436,https://batdongsan.vn/ban-gap-nha-nguyen-khanh-toan-phuong-quan-hoa-cau-giay-55m2-53-ty-gan-pho-r119436,"Cầu Giấy, Hà Nội",BÁN GẤP NHÀ NGUYỄN KHÁNH TOÀN PHƯỜNG QUAN HOA CẦU GIẤY 55M2 5.3 TỶ GẦN PHỐ,BÁN GẤP NHÀ NGUYỄN KHÁNH TOÀN PHƯỜNG QUAN HOA CẦU GIẤY 55M2 5.3 TỶ GẦN PHỐ,BÁN GẤP NHÀ NGUYỄN KHÁNH TOÀN PHƯỜNG QUAN HOA CẦU GIẤY 55M2 5.3 TỶ GẦN PHỐ,"BÁN GẤP NHÀ NGUYỄN KHÁNH TOÀN PHƯỜNG QUAN HOA CẦU GIẤY 55M2 5.3 TỶ GẦN PHỐ, Cầu Giấy, Hà Nội, Việt Nam",Phố Bán Gấp Nhà Nguyễn Khánh Toàn,,Cầu Giấy,Hà Nội,description,STREET_AND_WARD
184582,https://batdongsan.vn/ban-nha-can-goc-dt-dat-1231m2-5x25m-4-tang-nguyen-thi-tan-quan-8-gia-chi-12-ty-r184582,"Quận 8, Hồ Chí Minh","Bán nhà căn góc - DT đất 123,1m2 (5x25m) - 4 tầng - Nguyễn Thị Tần, quận 8 giá chỉ 12 tỷ","Bán nhà căn góc - DT đất 123,1m2 (5x25m) - 4 tầng - Nguyễn Thị Tần, quận 8 giá chỉ 12 tỷ","Bán nhà căn góc - DT đất 123,1m2 (5x25m) - 4 tầng - Nguyễn Thị Tần, quận 8 giá chỉ 12 tỷ","Bán nhà căn góc - DT đất 123,1m2 (5x25m) - 4 tầng - Nguyễn Thị Tần, quận 8 giá chỉ 12 tỷ, Quận 8, Hồ Chí Minh, Việt Nam",,,Quận 8,Hồ Chí Minh,description,DISTRICT_ONLY_OR_COARSE
175098,https://batdongsan.vn/ban-nha-tai-dong-mai-ha-dong-dt-35m2-thiet-ke-4-tang-nhinh-3-ty-r175098,"Hà Đông, Hà Nội","BÁN NHÀ TẠI ĐỒNG MAI - HÀ ĐÔNG DT 35M2 THIẾT KẾ 4 TẦNG, NHỈNH 3 TỶ","BÁN NHÀ TẠI ĐỒNG MAI - HÀ ĐÔNG DT 35M2 THIẾT KẾ 4 TẦNG, NHỈNH 3 TỶ","BÁN NHÀ TẠI ĐỒNG MAI - HÀ ĐÔNG DT 35M2 THIẾT KẾ 4 TẦNG, NHỈNH 3 TỶ","BÁN NHÀ TẠI ĐỒNG MAI - HÀ ĐÔNG DT 35M2 THIẾT KẾ 4 TẦNG, NHỈNH 3 TỶ, Hà Đông, Hà Nội, Việt Nam",Bán Nhà Tại Đồng Mai,,Hà Đông,Hà Nội,title,STREET_LEVEL
163354,https://batdongsan.vn/so-phan-lo-via-he-menh-mong-tai-kham-thienkinh-doanh-sam-uat-52-m216-ty-2dong-tien-23trthang-r163354,"Đống Đa, Hà Nội","Sổ phân lô vỉa hè mênh mông tại Khâm Thiên,kinh doanh sầm uất 52 m2,16  tỷ 2,dòng tiên 23tr/tháng","Sổ phân lô vỉa hè mênh mông tại Khâm Thiên,kinh doanh sầm uất 52 m2,16  tỷ 2,dòng tiên 23tr/tháng","Sổ phân lô vỉa hè mênh mông tại Khâm Thiên,kinh doanh sầm uất 52 m2,16 tỷ 2,dòng tiên 23tr/tháng","Sổ phân lô vỉa hè mênh mông tại Khâm Thiên,kinh doanh sầm uất 52 m2,16 tỷ 2,dòng tiên 23tr/tháng, Đống Đa, Hà Nội, Việt Nam",,,Đống Đa,Hà Nội,title,DISTRICT_ONLY_OR_COARSE
125603,https://batdongsan.vn/ban-nha-mat-tien-5-tang-5x12m-gia-125-ty-duong-hiep-thanh-43-r125603,"Quận 12, Hồ Chí Minh","Bán nhà mặt tiền 5 tầng 5x12m giá 12,5 tỷ Đường Hiệp Thành 43","Mặt tiền đường 40m thuật tiện di chuyển kết nối Nguyễn ảnh Thủ  , Nguyễn Thị Búp Phường Vip Hiệp Thành","Mặt tiền đường 40m thuật tiện di chuyển kết nối Nguyễn ảnh Thủ , Nguyễn Thị Búp Phường Vip Hiệp Thành","Mặt tiền đường 40m thuật tiện di chuyển kết nối Nguyễn ảnh Thủ , Nguyễn Thị Búp Phường Vip Hiệp Thành, Quận 12, Hồ Chí Minh, Việt Nam",,,Quận 12,Hồ Chí Minh,dedicated_address,STREET_AND_WARD
122277,https://batdongsan.vn/can-ban-gap-nha-quan-go-vap-xe-hoi-dau-cua-so-vuong-a4-nho-xinh-lung-linh-nhinh-4-ty-r122277,"Gò Vấp, Hồ Chí Minh","CẦN BÁN GẤP NHÀ QUẬN GÒ VẤP XE HƠI ĐẬU CỬA - SỔ VUÔNG A4, NHỎ XINH LUNG LINH. NHỈNH 4 TỶ","CẦN BÁN GẤP NHÀ QUẬN GÒ VẤP XE HƠI ĐẬU CỬA - SỔ VUÔNG A4, NHỎ XINH LUNG LINH. NHỈNH 4 TỶ","CẦN BÁN GẤP NHÀ QUẬN GÒ VẤP XE HƠI ĐẬU CỬA - SỔ VUÔNG A4, NHỎ XINH LUNG LINH. NHỈNH 4 TỶ","CẦN BÁN GẤP NHÀ QUẬN GÒ VẤP XE HƠI ĐẬU CỬA - SỔ VUÔNG A4, NHỎ XINH LUNG LINH. NHỈNH 4 TỶ, Gò Vấp, Hồ Chí Minh, Việt Nam","Sổ Vuông A4, Nhỏ Xinh Lung Linh. Nhỉnh",,Gò Vấp,Hồ Chí Minh,description,STREET_LEVEL
165647,https://batdongsan.vn/nha-gan-aeon-colinh-long-bien-chao-6x-ty-dien-tich-37-m2-4-tang-mat-r165647,"Long Biên, Hà Nội","💥💥💥 NHÀ GẦN #AEON, #CỔLINH- LONG BIÊN - CHÀO 6,x TỶ 🔥🔥 
🏘️ Diện tích: 37 m2,  4 tầng, Mặt","💥💥💥 NHÀ GẦN #AEON, #CỔLINH- LONG BIÊN - CHÀO 6,x TỶ 🔥🔥 
🏘️ Diện tích: 37 m2,  4 tầng, Mặt","💥💥💥 NHÀ GẦN #AEON, #CỔLINH- LONG BIÊN - CHÀO 6,x TỶ 🔥🔥 🏘️ Diện tích: 37 m2, 4 tầng, Mặt","💥💥💥 NHÀ GẦN #AEON, #CỔLINH- LONG BIÊN - CHÀO 6,x TỶ 🔥🔥 🏘️ Diện tích: 37 m2, 4 tầng, Mặt, Long Biên, Hà Nội, Việt Nam","Nhà Gần #Aeon, #Cổlinh- Long Biên",,Long Biên,Hà Nội,title,STREET_LEVEL
175434,https://batdongsan.vn/ban-nha-hxh-quay-dau-cach-mang-thang-8-p15-q10-103m2-5-tang-ngang-61m-r175434,"Quận 10, Hồ Chí Minh","Bán nhà HXH quay đầu Cách Mạng Tháng 8, P15. Q10, 103m2, 5 tầng, ngang 6,1m","Bán nhà HXH quay đầu Cách Mạng Tháng 8, P15. Q10, 103m2, 5 tầng, ngang 6,1m","Bán nhà HXH quay đầu Cách Mạng Tháng 8, P15. Q10, 103m2, 5 tầng, ngang 6,1m","Bán nhà HXH quay đầu Cách Mạng Tháng 8, P15. Q10, 103m2, 5 tầng, ngang 6,1m, Quận 10, Hồ Chí Minh, Việt Nam","P15. Q10,",,Quận 10,Hồ Chí Minh,title,ALLEY_OR_LANE
121503,https://batdongsan.vn/ban-nha-hoang-bat-dat-phuong-15-tan-binh-dt-51m2-5-x-103-x-2-tang-chi-403-ty-tl-r121503,"Tân Bình, Hồ Chí Minh","Bán nhà Hoàng Bật Đạt, phường 15, Tân Bình, DT 51m2 (5 x 10.3) x 2 tầng, Chỉ 4.03 tỷ TL","Bán nhà Hoàng Bật Đạt, phường 15, Tân Bình, DT 51m2 (5 x 10.3) x 2 tầng, Chỉ 4.03 tỷ TL","Bán nhà Hoàng Bật Đạt, phường 15, Tân Bình","Bán nhà Hoàng Bật Đạt, phường 15, Tân Bình, Hồ Chí Minh, Việt Nam",,Phường 15,Tân Bình,Hồ Chí Minh,description,DISTRICT_ONLY_OR_COARSE
182548,https://batdongsan.vn/xuat-canh-can-ban-gap-nha-mt-duong-truong-sa-q3-dt-34m-x-116m-r182548,"Quận 3, Hồ Chí Minh","Xuất cảnh cần bán gấp nhà MT Đường Trường Sa - Q3 (DT 3,4M x 11,6M)",Đường Trường Sa - Q3 (DT 3,Đường Trường Sa - Q3 (DT 3,"Đường Trường Sa - Q3 (DT 3, Quận 3, Hồ Chí Minh, Việt Nam",Đường Trường Sa,,Quận 3,Hồ Chí Minh,title,STREET_LEVEL
133821,https://batdongsan.vn/thuy-khue-tay-ho-dt55m2-x4t-mt3m-105-ty-full-noi-that-gan-pho-r133821,"Tây Hồ, Hà Nội",THỤY KHUÊ - TÂY HỒ - DT55M2 X4T - MT3M - 10.5 TỶ - FULL NỘI THẤT  - GẦN PHỐ,THỤY KHUÊ - TÂY HỒ - DT55M2 X4T - MT3M - 10.5 TỶ - FULL NỘI THẤT  - GẦN PHỐ,THỤY KHUÊ - TÂY HỒ - DT55M2 X4T - MT3M - 10.5 TỶ - FULL NỘI THẤT - GẦN PHỐ,"THỤY KHUÊ - TÂY HỒ - DT55M2 X4T - MT3M - 10.5 TỶ - FULL NỘI THẤT - GẦN PHỐ, Tây Hồ, Hà Nội, Việt Nam",Phố Thụy Khuê,,Tây Hồ,Hà Nội,description,STREET_LEVEL
182297,https://batdongsan.vn/mat-pho-nguyen-khang-toa-vp-8-tang-80m2-via-he-view-song-so-vuong-det-r182297,"Cầu Giấy, Hà Nội",MẶT PHỐ NGUYỄN KHANG - TÒA VP 8 TẦNG - 80M² - VỈA HÈ - VIEW SÔNG - SỔ VUÔNG ĐÉT,PHỐ NGUYỄN KHANG - TÒA VP 8 TẦNG - 80M² - VỈA HÈ - VIEW SÔNG - SỔ VUÔNG ĐÉT,PHỐ NGUYỄN KHANG - TÒA VP 8 TẦNG - 80M² - VỈA HÈ - VIEW SÔNG - SỔ VUÔNG ĐÉT,"PHỐ NGUYỄN KHANG - TÒA VP 8 TẦNG - 80M² - VỈA HÈ - VIEW SÔNG - SỔ VUÔNG ĐÉT, Cầu Giấy, Hà Nội, Việt Nam",Phố Nguyễn Khang,,Cầu Giấy,Hà Nội,title,STREET_LEVEL
129129,https://batdongsan.vn/ban-nha-mat-tien-6-tang-72x25m-gia-1699-ty-duong-tan-thoi-hiep-14-r129129,"Quận 12, Hồ Chí Minh","Bán nhà mặt tiền 6 tầng 7,2x25m giá 16,99 tỷ Đường Tân Thới Hiệp 14",mặt tiền 6 tầng 7,mặt tiền 6 tầng 7,"mặt tiền 6 tầng 7, Quận 12, Hồ Chí Minh, Việt Nam",,,Quận 12,Hồ Chí Minh,title,STREET_LEVEL
164265,https://batdongsan.vn/ban-nha-hoang-liet-hoang-mai-gan-o-to-vai-buoc-ra-vanh-dai-3-36m2-62-ty-r164265,"Hoàng Mai, Hà Nội","Bán nhà Hoàng Liệt, Hoàng Mai, gần ô tô, vài bước ra Vành Đai 3, 36m2, 6.2 tỷ","Bán nhà Hoàng Liệt, Hoàng Mai, gần ô tô, vài bước ra Vành Đai 3, 36m2, 6.2 tỷ","Bán nhà Hoàng Liệt, Hoàng Mai, gần ô tô, vài bước ra Vành Đai 3, 36m2, 6.2 tỷ","Bán nhà Hoàng Liệt, Hoàng Mai, gần ô tô, vài bước ra Vành Đai 3, 36m2, 6.2 tỷ, Hà Nội, Việt Nam",,,Hoàng Mai,Hà Nội,title,LANDMARK_OR_NEIGHBORHOOD
147721,https://batdongsan.vn/quan-5-khu-kinh-doanh-mua-ban-dong-duc-phu-tung-xe41x18-pham-huu-chi-xiu-19ty-r147721,"Quận 5, Hồ Chí Minh","* QUẬN 5 _Khu Kinh Doanh Mua Bán Đông Đúc Phụ Tùng Xe(4.1x18 )Phạm Hữu Chí, Xíu 19Tỷ","Nằm đoạn giữa Dương Tử Giang và Đỗ Ngọc Thạnh kinh doanh sầm uất,",Nằm đoạn giữa Dương Tử Giang và Đỗ Ngọc Thạnh kinh doanh sầm uất,"Nằm đoạn giữa Dương Tử Giang và Đỗ Ngọc Thạnh kinh doanh sầm uất, Quận 5, Hồ Chí Minh, Việt Nam",,,Quận 5,Hồ Chí Minh,dedicated_address,DISTRICT_ONLY_OR_COARSE
156771,https://batdongsan.vn/sieu-pham-nha-phan-lo-2-mat-ngo-full-noi-that-mt-to-42-m-gia-chi-76-ty-r156771,"Đống Đa, Hà Nội","SIÊU PHẨM NHÀ PHÂN LÔ 2 MẶT NGÕ-FULL NỘI THẤT-MT TO 4,2 M-GIÁ CHỈ 7.6 TỶ","SIÊU PHẨM NHÀ PHÂN LÔ 2 MẶT NGÕ-FULL NỘI THẤT-MT TO 4,2 M-GIÁ CHỈ 7.6 TỶ","SIÊU PHẨM NHÀ PHÂN LÔ 2 MẶT NGÕ-FULL NỘI THẤT-MT TO 4,2 M-GIÁ CHỈ 7.6 TỶ","SIÊU PHẨM NHÀ PHÂN LÔ 2 MẶT NGÕ-FULL NỘI THẤT-MT TO 4,2 M-GIÁ CHỈ 7.6 TỶ, Đống Đa, Hà Nội, Việt Nam",Mặt Ngõ-Full Nội Thất-Mt To,,Đống Đa,Hà Nội,description,ALLEY_OR_LANE
142882,https://batdongsan.vn/ban-nha-pho-phuong-mai-vi-tri-trung-tam-lo-goc-thoang-sang-31mx6t-gia-68-ty-lh-0396935190-r142882,"Đống Đa, Hà Nội",Bán nhà Phố Phương Mai_Vị Trí Trung Tâm_Lô Góc Thoáng Sáng_31mx6T_Giá: 6.8 Tỷ_Lh: 0396935190.,Phố Phương Mai_Vị Trí Trung Tâm_Lô Góc Thoáng Sáng_31mx6T_Giá,Phố Phương Mai_Vị Trí Trung Tâm_Lô Góc Thoáng Sáng_31mx6T_Giá,"Phố Phương Mai_Vị Trí Trung Tâm_Lô Góc Thoáng Sáng_31mx6T_Giá, Đống Đa, Hà Nội, Việt Nam",,,Đống Đa,Hà Nội,title,STREET_LEVEL
195288,https://batdongsan.vn/ban-nha-dong-tien-luong-khanh-thien-7-tang-thang-may-long-lanh-lo-goc-hoang-mai-r195288,"Hoàng Mai, Hà Nội",Bán nhà dòng tiền lương khánh thiện 7 tầng thang máy long lanh lô góc hoàng mai,Bán nhà dòng tiền lương khánh thiện 7 tầng thang máy long lanh lô góc hoàng mai,Bán nhà dòng tiền lương khánh thiện 7 tầng thang máy long lanh lô góc hoàng mai,"Bán nhà dòng tiền lương khánh thiện 7 tầng thang máy long lanh lô góc hoàng mai, Hoàng Mai, Hà Nội, Việt Nam",,,Hoàng Mai,Hà Nội,title,DISTRICT_ONLY_OR_COARSE
108123,https://batdongsan.vn/gia-dinh-can-ban-nha-mat-ngo-doi-can-gia-108-ty-367mx6-tang-oto-vao-full-noi-that-r278317,"Ba Đình, Hà Nội","Gia đình cần bán nhà Mặt ngõ Đội Cấn giá 10,8 tỷ, 36,7mx6 tầng, Oto vào, Full Nội thất",ngõ Đội Cấn giá 10,ngõ Đội Cấn giá 10,"ngõ Đội Cấn giá 10, Ba Đình, Hà Nội, Việt Nam",Ngõ Đội Cấn,,Ba Đình,Hà Nội,title,ALLEY_OR_LANE
81796,https://batdongsan.vn/ban-nha-lang-trung-lo-goc-vua-o-vua-cho-thue-o-to-chi-6-ty-lh-trang-0968588737-r251948,"Đống Đa, Hà Nội","Bán nhà Láng Trung lô góc, vừa ở vừa cho thuê, ô tô, chỉ 6 tỷ. LH Trang 0968588737.","Bán nhà Láng Trung lô góc, vừa ở vừa cho thuê, ô tô, chỉ 6 tỷ. LH Trang 0968588737.","Bán nhà Láng Trung lô góc, vừa ở vừa cho thuê, ô tô, chỉ 6 tỷ. LH Trang 0968588737.","Bán nhà Láng Trung lô góc, vừa ở vừa cho thuê, ô tô, chỉ 6 tỷ. LH Trang 0968588737., Đống Đa, Hà Nội, Việt Nam",,,Đống Đa,Hà Nội,title,DISTRICT_ONLY_OR_COARSE
183152,https://batdongsan.vn/nha-ngon-tam-chau-tam-phu-68m2-3pn-oto-gia-rieu-tot-nhinh-5-ty-r183152,"Thủ Đức, Hồ Chí Minh","Nhà Ngon Tam Châu, Tam Phú - 68m2 - 3PN - Oto - Giá riêu tốt Nhỉnh 5 Tỷ","Ngay đường Tam Châu cách bệnh viện tp Thủ Đức 300m, 500m ra quốc lộ 1A, 1,5km ra Phạm Văn Đồng","Ngay đường Tam Châu cách bệnh viện tp Thủ Đức 300m, 500m ra quốc lộ 1A, 1,5km ra Phạm Văn Đồng","Ngay đường Tam Châu cách bệnh viện tp Thủ Đức 300m, 500m ra quốc lộ 1A, 1,5km ra Phạm Văn Đồng, Hồ Chí Minh, Việt Nam",,,Thủ Đức,Hồ Chí Minh,dedicated_address,STREET_LEVEL
140774,https://batdongsan.vn/ban-nha-mat-pho-cong-quynh-quan-1-199-ty-76m2-4-tang-8-pn-so-hong-r140774,"Quận 1, Hồ Chí Minh","BÁN NHÀ MẶT PHỐ CỐNG QUỲNH - QUẬN 1 - 19,9 TỶ - 76M2 - 4 TẦNG - 8 PN - SỔ HỒNG",PHỐ CỐNG QUỲNH - QUẬN 1 - 19,PHỐ CỐNG QUỲNH - QUẬN 1 - 19,"PHỐ CỐNG QUỲNH - QUẬN 1 - 19, Quận 1, Hồ Chí Minh, Việt Nam",Phố Cống Quỳnh,,Quận 1,Hồ Chí Minh,title,STREET_LEVEL
80379,https://batdongsan.vn/ban-nha-hem-duong-bong-sao-phuong-1-quan-8-r250526,"Quận 8, Hồ Chí Minh","Bán nhà hẻm đường Bông Sao, phường 1, Quận 8","hẻm đường Bông Sao, phường 1, Quận 8","hẻm đường Bông Sao, phường 1, Quận 8","hẻm đường Bông Sao, phường 1, Quận 8, Hồ Chí Minh, Việt Nam",Hẻm Đường Bông Sao,Phường 1,Quận 8,Hồ Chí Minh,title,ALLEY_OR_LANE
146699,https://batdongsan.vn/ban-can-vip-kim-giang-5-tang-35m2-mt-45m-gia-nhinh-8-ty-r146699,"Thanh Xuân, Hà Nội","BÁN CĂN VIP KIM GIANG 5 TẦNG - 35M2- MT 4,5M- GIÁ NHỈNH 8 TỶ","Kim Giang, Thanh Xuân, Hà Nội","Kim Giang, Thanh Xuân, Hà Nội","Kim Giang, Thanh Xuân, Hà Nội, Việt Nam",Bán Căn Vip Kim Giang,,Thanh Xuân,Hà Nội,dedicated_address,STREET_LEVEL
84550,https://batdongsan.vn/ban-gap-nha-dep-363m2-17-ty-au-duong-lan-quan-8-r254712,"Quận 8, Hồ Chí Minh","BÁN GẤP NHÀ ĐẸP 36.3M2 1.7 TỶ, ÂU DƯƠNG LÂN QUẬN 8","BÁN GẤP NHÀ ĐẸP 36.3M2 1.7 TỶ, ÂU DƯƠNG LÂN QUẬN 8","BÁN GẤP NHÀ ĐẸP 36.3M2 1.7 TỶ, ÂU DƯƠNG LÂN QUẬN 8","BÁN GẤP NHÀ ĐẸP 36.3M2 1.7 TỶ, ÂU DƯƠNG LÂN QUẬN 8, Quận 8, Hồ Chí Minh, Việt Nam","Tỷ, Âu Dương Lân Quận",,Quận 8,Hồ Chí Minh,description,STREET_LEVEL
107552,https://batdongsan.vn/ban-nha-hxh-duong-ma-lo-dt-485x13m-3-lau-gia-56-ty-tl-lien-he-ngay-r277746,"Bình Tân, Hồ Chí Minh","Bán nhà HXH đường MÃ LÒ, DT: 4.85x13m, 3 lầu, giá: 5.6 tỷ TL Liên Hệ Ngay","Khu dân cư an ninh, dân trí cao, văn minh, sạch sẽ","Khu dân cư an ninh, dân trí cao, văn minh, sạch sẽ","Khu dân cư an ninh, dân trí cao, văn minh, sạch sẽ, Bình Tân, Hồ Chí Minh, Việt Nam",Đường Mã Lò,,Bình Tân,Hồ Chí Minh,dedicated_address,ALLEY_OR_LANE
